1, Abilene_Chr 2, Academy_of_Art 3, Acadia 4, Adams_St 5, Adelphi 6, Adirondack_CC 7, Adrian 8, Agnes_Scott 9, Air_Force 10, AK_Anchorage 11, AK_Fairbanks 12, Akron 13, AL_Huntsville 14, Alabama 15, Alabama_A&M 16, Alabama_St 17, Albany_GA 18, Albany_NY 19, Albany_Pharmacy 20, Albany_Tech 21, Alberta 22, Albertus_Magnus 23, Albion 24, Albright 25, Alcorn_St 26, Ald-Broaddus 27, Alfred 28, Alfred_St 29, Algoma 30, Algonquin 31, Alice_Lloyd 32, Allan_Hancock 33, Allegany_MD 34, Allegheny 35, Allen 36, Allen_Co 37, Alma 38, Alpena_CC 39, Alvernia 40, Alverno 41, Ambrose 42, American_Intl 43, American_River 44, American_Univ 45, Amherst 46, Ancilla 47, Anderson_IN 48, Anderson_SC 49, Andrew_Col 50, Andrews 51, Angelina 52, Angelo_St 53, Anna_Maria 54, Anne_Arundel 55, Anoka_Ramsey 56, Antelope_Val 57, Antelope_Val_CC 58, Appalachian_St 59, Apprentice 60, Aquinas 61, Arcadia 62, Arizona 63, Arizona_Chr 64, Arizona_St 65, Ark_Baptist 66, Ark_Little_Rock 67, Ark_Monticello 68, Ark_Pine_Bluff 69, Arkansas 70, Arkansas_St 71, Arkansas_Tech 72, Arkansas-FS 73, Arlington_Bap 74, Army 75, ASA 76, ASA_Miami 77, Asbury 78, Ashland 79, Assumption 80, Atlantic_Cape_CC 81, Auburn 82, Auburn_M'gomery 83, Augsburg 84, Augusta 85, Augustana_AB 86, Augustana_IL 87, Augustana_SD 88, Aurora 89, Austin_Col 90, Austin_Peay 91, Ave_Maria 92, Averett 93, Avila 94, AZ_Western 95, Azusa_Pacific 96, Babson 97, Bacone 98, Baker_KS 99, Bakersfield_Col 100, Baldwin-Wallace 101, Ball_St 102, Baltimore_City_CC 103, Barclay 104, Bard 105, Barry 106, Barstow_CC 107, Barton 108, Barton_Co 109, Baruch 110, Bates 111, Baton_Rouge_CC 112, Bay_Col 113, Bay_Path 114, Baylor 115, Becker 116, Belhaven_MS 117, Bellarmine 118, Bellevue 119, Bellevue_CC 120, Belmont 121, Belmont_Abbey 122, Beloit 123, Bemidji_St 124, Benedict 125, Benedictine_AZ 126, Benedictine_IL 127, Benedictine_KS 128, Bentley 129, Berea 130, Bergen_CC 131, Berkeley_NYC 132, Berry 133, Bethany_KS 134, Bethany_Luth 135, Bethany_WV 136, Bethel_IN 137, Bethel_KS 138, Bethel_MN 139, Bethel_TN 140, Bethesda 141, Bethune-Cookman 142, Big_Bend_CC 143, Binghamton 144, Biola 145, Birmingham_So 146, Bishop_St 147, Bishop's 148, Bismarck_St 149, Black_Hawk-M 150, Black_Hills_St 151, Blackburn 152, Blinn 153, Bloomfield 154, Bloomsburg 155, Blue_Mountain_CC 156, Blue_Mtn 157, Bluefield_VA 158, Bluefield_WV 159, Bluffton 160, Bob_Jones 161, Boise_St 162, Bor_Manhattan 163, Bossier_Parish 164, Boston_College 165, Boston_Univ 166, Bowdoin 167, Bowie_St 168, Bowling_Green 169, Bradley 170, Brandeis 171, Brandon 172, Brenau 173, Brescia 174, Brevard 175, Brewton-Parker 176, Briar_Cliff 177, Bridgeport 178, Bridgewater_MA 179, Bridgewater_VA 180, Briercrest 181, Bristol_CC 182, Brit_Columbia 183, Brock 184, Brockport_St 185, Bronx_CC 186, Brookdale_CC 187, Brooklyn_Col 188, Broome_CC 189, Broward_CC 190, Brown 191, Brunswick_CC 192, Bry_&_Strat-Cleveland 193, Bry_&_Strat-Milwaukee 194, Bry_&_Strat-VB 195, Bryan 196, Bryant 197, Bryn_Athyn 198, Bryn_Mawr 199, Bucknell 200, Bucks_Co_CC 201, Buena_Vista 202, Buffalo 203, Buffalo_St 204, Bunker_Hill_CC 205, Burlington_Co 206, Butler 207, Butler_Co-KS 208, Butler_Co-PA 209, Butte_Col 210, BYU 211, C_Arizona 212, C_Chr_Bible 213, C_Maine_Tech 214, C_Michigan 215, C_Missouri 216, C_Oklahoma 217, C_Washington 218, Cabrillo 219, Cabrini 220, Cairn 221, Cal_Baptist 222, Cal_Lutheran 223, Cal_Maritime 224, Cal_Poly 225, Cal_St-LA 226, Caldwell 227, Caldwell_CC_Tech 228, Calgary 229, California 230, California_PA 231, Caltech 232, Calumet-St_Jos 233, Calvary_Bib 234, Calvin 235, Camden_Co 236, Cameron 237, Camosun 238, Campbell 239, Campbellsville 240, Canisius 241, Cape_Breton 242, Cape_Fear_CC 243, Capilano 244, Capital 245, Card_Stritch 246, Carl_Sandburg 247, Carleton_MN 248, Carleton_ON 249, Carlow 250, Carnegie_Mellon 251, Carroll_MT 252, Carroll_WI 253, Carson-Newman 254, Carthage 255, Carver_Bib 256, Case_Western 257, Casper_College 258, Castleton 259, Catawba 260, Catawba_Val 261, Catholic 262, Cayuga_CC 263, Cazenovia 264, CC_Beaver_Co 265, CC_of_RI 266, CCBC_Catonsville 267, Cecil_Col 268, Cedar_Crest 269, Cedar_Valley 270, Cedarville 271, Cent_Arkansas 272, Cent_CC-Columbus 273, Cent_Georgia_Tech 274, Cent_Methodist 275, Cent_Wyoming 276, Centenary 277, Centenary_NJ 278, Centennial_Col 279, Central_Bap 280, Central_Chr 281, Central_Conn 282, Central_IA 283, Central_Lakes 284, Central_Penn 285, Central_St_OH 286, Centralia_Col 287, Centre 288, Cerritos_Col 289, Chabot 290, Chadron_St 291, Chaffey 292, Chaminade 293, Chand-Gilbert 294, Chapman 295, Charleston_So 296, Charleston_WV 297, Charlotte 298, Chatham 299, Chatt_St_Tech 300, Chattahoochee_Val 301, Chattanooga 302, Chemekata_CC 303, Chesapeake 304, Chestnut_Hill 305, Cheyney_St 306, Chicago 307, Chicago_St 308, Chipola 309, Chowan 310, Chr_Brothers 311, Chris_Newport 312, Christendom 313, Cin_Clermont 314, Cincinnati 315, Cincinnati_Chr 316, Cisco_JC 317, Citrus_Col 318, City_Col_NY 319, City_Col_San_Fran 320, Clackamas_CC 321, Claflin 322, Claremont_M.S. 323, Clarendon 324, Clarion 325, Clark_Atlanta 326, Clark_CC 327, Clark_MA 328, Clark_St 329, Clarke 330, Clarkson 331, Clayton_St 332, Clemson 333, Cleveland_St 334, Cleveland_St_CC 335, Clinton_CC_(NY) 336, Clinton_JC 337, Cloud_Co 338, Co_Col_Morris 339, Coahoma_CC 340, Coast_Guard 341, Coastal_AL-BM 342, Coastal_AL-Mon 343, Coastal_Bend 344, Coastal_Car 345, Coastal_GA 346, Cochise 347, Coe 348, Coffeyville_CC 349, Coker 350, Col_Cent_Florida 351, Col_Charleston 352, Col_Marin 353, Col_of_Dupage 354, Col_of_Idaho 355, Col_of_the_Canyons 356, Col_of_the_Desert 357, Col_of_the_Redwoods 358, Col_of_the_Sequoias 359, Col_Ozarks 360, Col_San_Mateo 361, Col_Springs 362, Colby 363, Colby_CC 364, Colby-Sawyer 365, Colgate 366, College_of_NJ 367, Collin_Co 368, Colorado 369, Colorado_Chr 370, Colorado_Col 371, Colorado_Mines 372, Colorado_NW 373, Colorado_St 374, Columbia 375, Columbia_Basin 376, Columbia_Bib 377, Columbia_Greene 378, Columbia_Intl 379, Columbia_MO 380, Columbia_SC 381, Columbus_St 382, Columbus_St_CC 383, Compton_CC 384, Concord 385, Concordia_AB 386, Concordia_AL 387, Concordia_CA 388, Concordia_IL 389, Concordia_Mhd 390, Concordia_MI 391, Concordia_NE 392, Concordia_NY 393, Concordia_OR 394, Concordia_QC 395, Concordia_SP 396, Concordia_TX 397, Concordia_WI 398, Conestoga 399, Connecticut 400, Connors_St 401, Contra_Costa 402, Converse 403, Copiah-Lincoln 404, Copper_Mtn 405, Coppin_St 406, Corban 407, Cornell 408, Cornell_IA 409, Cornerstone 410, Corning_CC 411, Cortland_St 412, Cosumnes_River 413, Cottey 414, Covenant 415, Cowley_Co 416, Crandall 417, Creighton 418, Crowder 419, Crowley's_Ridge 420, Crown_MN 421, CS_Bakersfield 422, CS_Chico 423, CS_Dom._Hills 424, CS_Fullerton 425, CS_Monterey_Bay 426, CS_Northridge 427, CS_Poly_Pomona 428, CS_Sacramento 429, CS_San_Bern. 430, CS_San_Marcos 431, CS_Stanislaus 432, CSU_East_Bay 433, CSU-Pueblo 434, CT_College 435, Cuesta 436, Culver-Stockton 437, Cumberland_Co 438, Cumberland_TN 439, Cumberlands_KY 440, Curry 441, Cuyahoga_CC 442, Cypress 443, D'Youville 444, Daemen 445, Dakota_St 446, Dakota_Wesleyan 447, Dakota-Bottineau 448, Daley 449, Dalhousie 450, Dallas_Chr 451, Dallas_Univ 452, Danville_CC_IL 453, Dartmouth 454, Davenport 455, Davidson 456, Davis 457, Davis_&_Elkins 458, Dawson 459, Dawson_CC 460, Dayton 461, Daytona_St 462, De_Anza_Col 463, DE_Tech_CC 464, Dean 465, Defiance 466, Delaware 467, Delaware_St 468, Delaware_Val 469, Delgado_CC 470, Delta_Col 471, Delta_St 472, Denison 473, Denmark_Tech 474, Denver 475, DePaul 476, DePauw 477, Des_Moines_CC 478, DeSales 479, Detroit 480, Diablo_Val 481, Dickinson 482, Dickinson_St_ND 483, Dillard 484, Dist_Columbia 485, Dixie_St 486, Doane 487, Dodge_City_CC 488, Dominican_CA 489, Dominican_IL 490, Dominican_NY 491, Dordt 492, Douglas 493, Drake 494, Drew 495, Drexel 496, Drury 497, Dubuque 498, Duke 499, Duquesne 500, Durham 501, Dutchess_CC 502, Dyersburg_St 503, E_Connecticut 504, E_Florida_St 505, E_Illinois 506, E_Kentucky 507, E_Mennonite 508, E_Michigan 509, E_Mississippi_CC 510, E_Nazarene 511, E_New_Mexico 512, E_Stroudsburg 513, E_Texas_Bap 514, E_Washington 515, Earlham 516, East_Carolina 517, East_Central_CC 518, East_Central_OK 519, East_Georgia_Col 520, East_LA_Col 521, Eastern_Arizona 522, Eastern_OK_St 523, Eastern_Oregon 524, Eastern_Univ 525, Eastern_Utah 526, Eastern_Wyoming 527, Ecclesia 528, Eckerd 529, Ed_Montpetit 530, Edgewood 531, Edinboro 532, Edison_CC 533, Edmonds_CC 534, Edward_Waters 535, El_Camino_Col 536, Elgin_CC 537, Eliz._City_St 538, Elizabethtown 539, Ellsworth_CC 540, Elmhurst 541, Elmira 542, Elms 543, Elon 544, Embry-Riddle_AZ 545, Embry-Riddle_FL 546, Emerson 547, Emmanuel_GA 548, Emmanuel_MA 549, Emmaus_Bib 550, Emory 551, Emory_&_Henry 552, Emporia_St 553, Endicott 554, Enterprise_St 555, Erie_CC 556, Erskine 557, Essex_CC 558, ETSU 559, Eureka 560, Evangel 561, Evansville 562, Everett_CC 563, Evergreen_St 564, F_Dickinson 565, Fairfield 566, Fairmont_St 567, Faith_Bap 568, Fanshawe 569, Farmingdale 570, Faulkner 571, Fayetteville_St 572, Fayetteville_Tech 573, FDU_Madison 574, Feather_River 575, Felician 576, Ferris_St 577, Ferrum 578, Findlay 579, Finger_Lakes_CC 580, Finlandia 581, Fisher 582, Fisk 583, Fitchburg_St 584, FL_Atlantic 585, FL_Gulf_Coast 586, FL_Memorial 587, FL_Southern 588, FL_Southwestern 589, Flagler 590, Florida 591, Florida_A&M 592, Florida_Col 593, Florida_Intl 594, Florida_National 595, Florida_St 596, Florida_St-Jax 597, Florida_Tech 598, Folsom_Lake 599, Fond_du_Lac_T&CC 600, Fontbonne 601, Foothill_Col 602, Fordham 603, Fort_Hays_St 604, Fort_Scott_CC 605, Fort_Valley_St 606, Framingham_St 607, Francis_Marion 608, Franciscan_OH 609, Frank_&_Marsh 610, Frank_Phillips 611, Franklin_IN 612, Franklin_Pierce 613, Fraser_Val 614, Frederick_CC 615, Freed-Hardeman 616, Fresno_City_Col 617, Fresno_Pacific 618, Fresno_St 619, Friends 620, Frostburg_St 621, Ft_Lewis 622, Fullerton_Col 623, Fulton-Mont 624, Furman 625, G_Washington 626, Ga_Southern 627, Gadsden_St_CC 628, Gallaudet 629, Gannon 630, Garden_City_CC 631, Gardner_Webb 632, Garrett 633, Gateway_CC 634, Gavilan 635, Genesee_CC 636, Geneseo_St 637, Geneva 638, George_Brown 639, George_Fox 640, George_Mason 641, Georgetown 642, Georgetown_KY 643, Georgia 644, Georgia_C&S 645, Georgia_Highlands 646, Georgia_NW_Tech 647, Georgia_St 648, Georgia_SW 649, Georgia_Tech 650, Georgian 651, Georgian_Court 652, Gettysburg 653, Gillette 654, Glen_Oaks_CC 655, Glendale_AZ 656, Glendale_CA 657, Glenville_St 658, Gloucester_Co 659, Gogebic_CC 660, Goldey_Beacom 661, Gonzaga 662, Gordon 663, Goshen 664, Goucher 665, Governors_St 666, Grace_Bib 667, Grace_IN 668, Grace_NE 669, Graceland 670, Grambling 671, Grand_Canyon 672, Grand_Rapids_CC 673, Grand_Valley_St 674, Grand_View 675, Grande_Prairie 676, Grant_MacEwan 677, Grays_Harbor 678, Grayson_Co_JC 679, Great_Lakes_Chr 680, Green_Mtn 681, Green_River_CC 682, Greensboro 683, Greenville 684, Grinnell 685, Grossmont 686, Grove_City 687, Guelph 688, Guilford 689, Guilford_Tech_CC 690, Gulf_Coast_CC 691, Gust_Adolphus 692, Gwynedd-Mercy 693, Hagerstown_CC 694, Hamilton 695, Hamline 696, Hampshire 697, Hampton 698, Hannibal-Lagr 699, Hanover 700, Harcum_Col 701, Hardin-Simmons 702, Harding 703, Harford_CC 704, Harper 705, Harris-Stowe 706, Harrisburg_Area_CC 707, Hartford 708, Hartnell 709, Hartwick 710, Harvard 711, Haskell 712, Hastings 713, Haverford 714, Hawaii 715, Hawaii_Hilo 716, Hawaii_Pacific 717, Heidelberg 718, Henderson_St 719, Hendrix 720, Henry_Ford_CC 721, Herkimer_Co 722, Hesston 723, Hibbing_CC 724, High_Point 725, Highland_CC_IL 726, Highland_CC_KS 727, Highline_CC 728, Hilbert 729, Hill_Col 730, Hillsborough_CC 731, Hillsdale 732, Hinds_CC 733, Hiram 734, Hiwassee 735, Hobart_&_Smith 736, Hocking 737, Hofstra 738, Holland 739, Hollins 740, Holmes_CC 741, Holy_Cross 742, Holy_Cross_IN 743, Holy_Family 744, Holy_Names 745, Holyoke_CC 746, Hood 747, Hope 748, Hope_Intl 749, Hostos_CC 750, Houghton 751, Houston 752, Houston_Bap 753, Howard 754, Howard_CC_MD 755, Howard_Col 756, Howard_Payne 757, Hudson_Val 758, Humber 759, Humboldt_St 760, Hunter 761, Huntingdon 762, Huntington 763, Husson 764, Huston-Tillot 765, Hutchinson_CC 766, Idaho 767, Idaho_St 768, IL_Central 769, IL_Chicago 770, IL_Springfield 771, IL_Tech 772, IL_Wesleyan 773, Illinois 774, Illinois_Col 775, Illinois_St 776, Illinois_Val 777, Immaculata 778, Imperial_Val 779, IN_S_Bend 780, IN_Southeast 781, IN_Wesleyan 782, Incarnate_Word 783, Independence_CC 784, Indian_River 785, Indiana 786, Indiana_NW 787, Indiana_PA 788, Indiana_St 789, Indiana_Tech 790, Indiana-East 791, Indianapolis 792, Iona 793, Iowa 794, Iowa_Cent 795, Iowa_Lakes_CC 796, Iowa_St 797, Iowa_Wesleyan 798, Iowa_Western_CC 799, Irvine_Valley 800, Itasca_CC 801, Itawamba_CC 802, Ithaca 803, IU_Kokomo 804, IUPUI 805, J&W_CO 806, J&W_FL 807, J&W_NC 808, J&W_RI 809, Jackson_CC 810, Jackson_St 811, Jackson_St_CC 812, Jacksonville 813, Jacksonville_Col 814, Jacksonville_St 815, James_Madison 816, Jamestown 817, Jamestown_CC 818, Jarvis_Chr 819, JC_Smith 820, Jefferson_CC 821, Jefferson_Col 822, John_Brown 823, John_Carroll 824, John_Jay 825, John_Logan 826, John_Wood_CC 827, Johns_Hopkins 828, Johnson_Co 829, Johnson_St 830, Johnson_TN 831, Johnston_CC 832, Joliet_JC 833, Jones_Co_CC 834, Judson_AL 835, Judson_IL 836, Juniata 837, Kalamazoo 838, Kalamazoo_Val 839, Kankakee_CC 840, Kansas 841, Kansas_Chr 842, Kansas_City_KS 843, Kansas_St 844, Kaskaskia 845, Kean 846, Keene_St 847, Keiser 848, Kellogg_CC 849, Kennedy-King 850, Kennesaw 851, Kent 852, Kentucky 853, Kentucky_Chr 854, Kentucky_St 855, Kenyon 856, Keuka 857, Keyano 858, Keystone 859, Kilgore 860, King_TN 861, King's_AB 862, King's_NS 863, King's_NY 864, King's_PA 865, Kingsborough 866, Kirkwood_CC 867, Kishwaukee_CC 868, Knox 869, KS_Wesleyan 870, Kutztown 871, KY_Wesleyan 872, LA_Harbor 873, LA_Pierce 874, La_Roche 875, La_Salle 876, La_Sierra 877, LA_Southwest 878, LA_Trade-Tech 879, LA_Valley_Col 880, La_Verne 881, Labette_CC 882, Lackawanna 883, Lafayette 884, LaGrange 885, Lake_Co 886, Lake_Erie 887, Lake_Forest 888, Lake_Land_IL 889, Lake_Michigan 890, Lake_Region 891, Lake_Superior 892, Lake_Superior_CC 893, Lakehead 894, Lakeland 895, Lakeland_AB 896, Lakeland_CC 897, Lamar 898, Lamar_CC 899, Lambton 900, Lancaster_Bib 901, Lander 902, Lane 903, Lane_CC 904, Laney 905, Langara 906, Langston 907, Lansing_CC 908, Laramie_Co 909, Las_Positas 910, Lasell 911, Lassen 912, Laurentian 913, Laurier 914, Laval 915, Lawrence 916, Lawrence_Tech 917, Lawson_St 918, Le_Moyne 919, Le_Tourneau 920, Lebanon_Val 921, Lee_TN 922, Lees-McRae 923, Lehigh 924, Lehigh_Carbon 925, Lehman 926, LeMoyne-Owen 927, Lennoxville 928, Lenoir_CC 929, Lenoir_Rhyne 930, Lesley 931, Lethbridge_Col 932, Lewis 933, Lewis_&_Clark 934, Lewis_&_Clark_CC 935, Lewis-Clark_ID 936, Liberty 937, Life 938, Life_Pacific 939, Limestone 940, Lincoln_Chr 941, Lincoln_Col 942, Lincoln_Land 943, Lincoln_Mem 944, Lincoln_MO 945, Lincoln_PA 946, Lincoln_Trail 947, Lindenwood 948, Lindenwood-Belle 949, Lindsey_Wilson 950, Linfield 951, Linn-Benton_CC 952, Lipscomb 953, Little_Big_Horn 954, Little_Priest 955, LIU_Brooklyn 956, LIU_Post 957, Livingstone 958, Lock_Haven 959, Long_Beach_City_Col 960, Long_Beach_St 961, Longwood 962, Lorain_Co_CC 963, Loras 964, Los_Medanos 965, Louisburg 966, Louisiana 967, Louisiana_Col 968, Louisiana_Tech 969, Louisville 970, Lourdes 971, Lower_Columbia 972, Loy_Marymount 973, Loyalist 974, Loyola_MD 975, Loyola_NO 976, Loyola-Chicago 977, LSU 978, LSU_Shreveport 979, LSU-Alexandria 980, LSU-Eunice 981, Lubbock_Chr 982, Lurleen_Wallace 983, Luther_IA 984, Luther_MN 985, Luzerne_Co_CC 986, Lycoming 987, Lynchburg 988, Lyndon_St 989, Lynn 990, Lyon 991, M_Hardin-Baylor 992, MA_Boston 993, MA_Dartmouth 994, MA_Liberal_Arts 995, MA_Lowell 996, Macalester 997, MacMurray 998, Macomb_CC 999, Madison_Col 1000, Madonna 1001, Maine 1002, Malcolm_X 1003, Malone 1004, Manchester 1005, Manhattan 1006, Manhattan_Chr 1007, Manhattanville 1008, Manitoba 1009, Manor 1010, Mansfield 1011, Maranatha_Bap 1012, Marian_IN 1013, Marian_WI 1014, Marietta 1015, Marist 1016, Marquette 1017, Mars_Hill 1018, Marshall 1019, Marshalltown_CC 1020, Martin_Meth 1021, Mary_Baldwin 1022, Mary_ND 1023, Mary_Washington 1024, Maryland 1025, Marymount_VA 1026, Maryville_MO 1027, Maryville_TN 1028, Marywood 1029, Massachusetts 1030, Massasoit_CC 1031, Mayville_St 1032, MCC_Maple_Woods 1033, McCook_CC 1034, McDaniel_Col 1035, McGill 1036, McHenry_Co 1037, McKendree 1038, McLennan_CC 1039, McMaster 1040, McMurry 1041, McNeese_St 1042, McPherson 1043, MD_E_Shore 1044, ME_Augusta 1045, ME_Farmington 1046, ME_Ft_Kent 1047, ME_Machias 1048, ME_Maritime 1049, ME_Presque_Isle 1050, Medaille 1051, Medgar_Evers 1052, Medicine_Hat 1053, Memorial 1054, Memphis 1055, Mendocino 1056, Menlo 1057, Merced_Col 1058, Mercer 1059, Mercer_Co 1060, Merchant_Marine 1061, Mercy 1062, Mercyhurst 1063, Mercyhurst_NE 1064, Meredith 1065, Meridian_CC 1066, Merrimack 1067, Merritt 1068, Mesa_CC 1069, Mesa_St 1070, Mesabi_Range 1071, Messiah 1072, Methodist 1073, Metro_St 1074, MI_Dearborn 1075, Miami_FL 1076, Miami_OH 1077, Miami-Dade 1078, Michigan 1079, Michigan_St 1080, Michigan_Tech 1081, Mid_Am_Nazarene 1082, Mid_Georgia 1083, Mid-Am_Chr 1084, Mid-Atlantic_Chr 1085, Mid-Michigan_CC 1086, Mid-South_CC 1087, Middlebury 1088, Middlesex_Co 1089, Midland_NE 1090, Midland_TX 1091, Midway 1092, Midwest_TX_St 1093, Miles 1094, Miles_CC 1095, Millersville 1096, Milligan 1097, Millikin 1098, Millsaps 1099, Milwaukee_Eng 1100, Milwaukee_Tech 1101, Mineral_Area 1102, Minnesota 1103, Minot_St 1104, MiraCosta 1105, Misericordia 1106, Mission 1107, Mississippi 1108, Mississippi_Col 1109, Mississippi_St 1110, Missouri 1111, Missouri_KC 1112, Missouri_S&T 1113, Missouri_St 1114, Missouri_Val 1115, MIT 1116, Mitchell 1117, MN_Crookston 1118, MN_Duluth 1119, MN_Mankato 1120, MN_Morris 1121, MN_St_CTC 1122, MN_West_C&T 1123, MO_Baptist 1124, MO_Southern 1125, MO_St_Louis 1126, MO_Western 1127, Moberly_Area 1128, Mobile 1129, Modesto_JC 1130, Mohawk 1131, Mohawk_Val 1132, Molloy 1133, Monmouth_IL 1134, Monmouth_NJ 1135, Monroe_CC 1136, Monroe-Bronx 1137, Monroe-NR 1138, Montana 1139, Montana_St 1140, Montclair_St 1141, Monterey_Peninsula 1142, Montevallo 1143, Montgomery_Co_CC 1144, Montgomery-R 1145, Montmorency 1146, Montreat 1147, Moorhead_St 1148, Moorpark 1149, Moraine_Val 1150, Moravian 1151, Morehead_St 1152, Morgan_St 1153, Morningside 1154, Morris_SC 1155, Morrisville_St 1156, Morton 1157, Motlow_St 1158, Mott_CC 1159, MS_Delta 1160, MS_Gulf_Coast 1161, MS_Valley_St 1162, MS_Vincent_NS 1163, Mt_Allison 1164, Mt_Aloysius 1165, Mt_Holyoke 1166, Mt_Hood_CC 1167, Mt_Ida 1168, Mt_Marty 1169, Mt_Mary 1170, Mt_Mercy 1171, Mt_Olive 1172, Mt_Royal 1173, Mt_San_Antonio 1174, Mt_San_Jacinto 1175, Mt_St_Joseph 1176, Mt_St_Mary_NY 1177, Mt_St_Mary's 1178, MT_St_Northern 1179, Mt_St_Vincent 1180, MT_St-Billings 1181, MT_Tech 1182, Mt_Union 1183, Mt_Vernon_Naz 1184, MT_Western 1185, MTSU 1186, Muhlenberg 1187, Multnomah_Bib 1188, Murray_St 1189, Murray_St_CC 1190, Muskegon_CC 1191, Muskingum 1192, N_Alberta_Tech 1193, N_Arkansas 1194, N_Central_IL 1195, N_Central_MN 1196, N_Central_MO 1197, N_Colorado 1198, N_Country_CC 1199, N_Dakota_St 1200, N_England_Col 1201, N_Illinois 1202, N_Iowa_CC 1203, N_Kentucky 1204, N_Michigan 1205, N_New_Mexico 1206, N_OK-Enid 1207, N_OK-Tonkawa 1208, Napa_Valley_CC 1209, Nassau_CC 1210, National_Park 1211, Navy 1212, Nazareth 1213, NB-St_John 1214, NC_A&T 1215, NC_Central 1216, NC_Pembroke 1217, NC_State 1218, NC_Wesleyan 1219, ND_St_Science 1220, NE_Kearney 1221, NE_MS_CC 1222, NE_OK_A&M 1223, NE_Oklahoma 1224, NE_Omaha 1225, NE_Wesleyan 1226, Nebraska 1227, Nebraska_Chr 1228, Neosho_Co 1229, Neumann 1230, Nevada 1231, New_Brunswick 1232, New_Hampshire 1233, New_Haven 1234, New_Mexico 1235, New_Mexico_JC 1236, New_Mexico_St 1237, New_Orleans 1238, New_Rochelle 1239, Newberry 1240, Newbury 1241, Newman 1242, NH_Tech 1243, Niagara 1244, Niagara_Co 1245, Niagara_ON 1246, Nicholls_St 1247, Nichols 1248, Nipissing 1249, NJ_City 1250, NJIT 1251, NM_Highlands 1252, Norfolk_St 1253, North_Alabama 1254, North_Carolina 1255, North_Dakota 1256, North_Florida 1257, North_Georgia 1258, North_Greenville 1259, North_Idaho 1260, North_Park 1261, North_Platte_CC 1262, North_Texas 1263, Northampton_CC 1264, Northeast_CC 1265, Northeastern 1266, Northeastern_JC 1267, Northern_Arizona 1268, Northern_BC 1269, Northern_Iowa 1270, Northern_St_SD 1271, Northern_Virginia_CC 1272, Northland 1273, Northland_CTC 1274, Northwest_Chr 1275, Northwest_KS_Tech 1276, Northwest_WA 1277, Northwest_WY 1278, Northwestern 1279, Northwestern_IA 1280, Northwestern_LA 1281, Northwestern_MN 1282, Northwestern_OH 1283, Northwood_MI 1284, Norwich 1285, Notre_Dame 1286, Notre_Dame_CA 1287, Notre_Dame_MD 1288, Notre_Dame_OH 1289, Nova_SE 1290, NW_Florida_St 1291, NW_Mississippi 1292, NW_Missouri 1293, NW_Nazarene 1294, NW_Oklahoma_St 1295, Nyack 1296, NYIT 1297, NYU 1298, Oakland 1299, Oakland_CC 1300, Oakland_City 1301, Oakton_CC 1302, Oakwood 1303, Oberlin 1304, Occidental 1305, Ocean_Co 1306, Odessa 1307, Oglethorpe 1308, OH_Dominican 1309, Ohio 1310, Ohio_Chr 1311, Ohio_Northern 1312, Ohio_St 1313, Ohio_Valley 1314, Ohio_Wesleyan 1315, Ohlone 1316, OK_Baptist 1317, OK_City 1318, OK_Wesleyan 1319, Okanagan_Col 1320, Oklahoma 1321, Oklahoma_Chr 1322, Oklahoma_S&A 1323, Oklahoma_St 1324, Old_Dominion 1325, Old_Westbury 1326, Olds 1327, Olive-Harvey 1328, Olivet_MI 1329, Olivet_Naz 1330, Olney 1331, Olympic 1332, Onondaga_CC 1333, Oral_Roberts 1334, Orange_Co 1335, Orange_Coast 1336, Oregon 1337, Oregon_St 1338, Oregon_Tech 1339, Oswego_St 1340, Otero_JC 1341, Ottawa_AZ 1342, Ottawa_KS 1343, Ottawa_ON 1344, Otterbein 1345, Ouachita 1346, Our_Lady_Lake 1347, Owens_CC 1348, Oxnard 1349, Ozark_Chr 1350, PA_Highlands_CC 1351, Pac_Lutheran 1352, Pace 1353, Pacific 1354, Pacific_OR 1355, Pacific_Union 1356, Paine 1357, Palm_Beach_Atl 1358, Palm_Beach_St 1359, Palomar_Col 1360, Panhandle_St 1361, Panola 1362, Paris_JC 1363, Park 1364, Parkland 1365, Pasadena_City_Col 1366, Passaic_Co 1367, Patrick_Henry_CC 1368, Paul_Quinn 1369, Paul_Smith's 1370, Peace 1371, Pearl_River_CC 1372, Peninsula 1373, Penn 1374, Penn_Col_Tech 1375, Penn_St 1376, Pensacola_Chr 1377, Pensacola_St 1378, Pepperdine 1379, Permian_Basin 1380, Peru_St 1381, Pfeiffer 1382, PFW 1383, Philadelphia_CC 1384, Philander_Smith 1385, Phoenix_Col 1386, Piedmont 1387, Piedmont_Bap 1388, Pierce_CC 1389, Pikeville 1390, Pima_CC 1391, Pine_Manor 1392, Pitt-Bradford 1393, Pitt-Greensburg 1394, Pitt-Johnstown 1395, Pittsburg_St 1396, Pittsburgh 1397, Plattsburgh_St 1398, Plymouth_St 1399, Point 1400, Point_Loma 1401, Point_Park 1402, Pomona_Pitzer 1403, Porterville 1404, Portland 1405, Portland_CC 1406, Portland_St 1407, Post 1408, Potomac_St-WVU 1409, PR_Bayamon 1410, Prairie_St 1411, Prairie_View 1412, Pratt_CC 1413, Pratt_Inst 1414, Presbyterian 1415, Presentation 1416, Prince_George's 1417, Princeton 1418, Principia 1419, Providence 1420, Providence_GF 1421, PSU_Wilkes-Barre 1422, PSU_York 1423, PSU-Abington 1424, PSU-Altoona 1425, PSU-Beaver 1426, PSU-Behrend 1427, PSU-Berks 1428, PSU-Brandywine 1429, PSU-DuBois 1430, PSU-Fayette 1431, PSU-Gtr_Allegheny 1432, PSU-Harrisburg 1433, PSU-Hazleton 1434, PSU-Lehigh_Val 1435, PSU-Mont_Alto 1436, PSU-Schuylkill 1437, PSU-Scranton 1438, Puget_Sound 1439, Purchase 1440, Purdue 1441, Purdue_Northwest 1442, Queen's_ON 1443, Queens_NC 1444, Queens_NY 1445, Queensborough 1446, Quest 1447, Quincy 1448, Quinnipiac 1449, Quinsigamond 1450, R_Morris_Chi 1451, R_Morris_Spfd 1452, R_Stockton 1453, Radford 1454, Rainy_River_CC 1455, Ramapo 1456, Randall 1457, Randolph_Col 1458, Randolph_Macon 1459, Ranger 1460, Raritan_Val 1461, Red_Deer 1462, Redeemer 1463, Redlands 1464, Redlands_CC 1465, Reedley 1466, Regina 1467, Regis_CO 1468, Regis_MA 1469, Reinhardt 1470, Rend_Lake 1471, Rensselaer 1472, Rhode_Island 1473, Rhodes 1474, RI_College 1475, Rice 1476, Richmond 1477, Rider 1478, Ridgewater 1479, Rio_Grande 1480, Rio_Hondo 1481, Ripon 1482, Riverland_CC 1483, Riverside_CC 1484, Rivier 1485, Roane_St 1486, Roanoke 1487, Robert_Morris 1488, Roberts_Wslyn 1489, Rochester_C&T 1490, Rochester_MI 1491, Rochester_NY 1492, Rochester_Tech 1493, Rock_Valley 1494, Rockford 1495, Rockhurst 1496, Rockland_CC 1497, Rocky_Mtn 1498, Roger_Williams 1499, Rogers_St 1500, Rollins 1501, Roosevelt 1502, Rose-Hulman 1503, Rosemont 1504, Rowan 1505, Roxbury_CC 1506, Russell_Sage 1507, Rust 1508, Rutgers 1509, Rutgers-Camden 1510, Rutgers-Newark 1511, Ryerson 1512, S_Alberta_Tech 1513, S_Arkansas 1514, S_Carolina_St 1515, S_Connecticut 1516, S_Dakota_St 1517, S_Dakota_Tech 1518, S_Francisco_St 1519, S_Georgia_Tech 1520, S_Illinois 1521, S_Indiana 1522, S_Maine 1523, S_Maine_Tech 1524, S_New_Hampshire 1525, S_Puget_Sound_CC 1526, S_Suburban 1527, S_Union_St 1528, S_Vermont 1529, S_Virginia 1530, S_Wesleyan 1531, Sacramento_City 1532, Sacred_Heart 1533, Saddleback 1534, Saginaw_Val 1535, Sainte-Foy 1536, Salem_MA 1537, Salem_NC 1538, Salem_WV 1539, Salisbury 1540, Salt_Lake_CC 1541, Salve_Regina 1542, Sam_Houston_St 1543, Samford 1544, San_Bernardino_Val 1545, San_Diego 1546, San_Diego_Chr 1547, San_Diego_Mesa 1548, San_Diego_St 1549, San_Francisco 1550, San_Joaquin_Delta 1551, San_Jose_City_Col 1552, San_Jose_St 1553, Santa_Ana_Col 1554, Santa_Barbara_City 1555, Santa_Clara 1556, Santa_Fe_CC 1557, Santa_Monica_Col 1558, Santa_Rosa_JC 1559, Sarah_Lawrence 1560, Saskatchewan 1561, SAU_Tech 1562, Sauk_Valley_CC 1563, Sault 1564, Savannah_St 1565, SC_Aiken 1566, SC_Upstate 1567, Schenectady_Co 1568, Schoolcraft 1569, Schreiner 1570, Scottsdale_CC 1571, Scranton 1572, SD_City_Col 1573, SE_Illinois 1574, SE_Louisiana 1575, SE_Missouri_St 1576, SE_Oklahoma 1577, Seattle 1578, Seattle_Pacific 1579, Seminole_St 1580, Seneca 1581, Seton_Hall 1582, Seton_Hill 1583, Sewanee 1584, Seward_Co 1585, SF_Austin 1586, Shasta_Col 1587, Shaw_NC 1588, Shawnee_CC 1589, Shawnee_St 1590, Shelton_St 1591, Shenandoah 1592, Shepherd 1593, Sheridan_ON 1594, Sheridan_WY 1595, Shippensburg 1596, Shoreline_CC 1597, Shorter 1598, Siena 1599, Siena_Hts 1600, Sierra_Col 1601, Silver_Lake 1602, Simmons 1603, Simmons_KY 1604, Simon_Fraser 1605, Simpson_CA 1606, Simpson_IA 1607, Sinclair_CC 1608, Sioux_Falls 1609, Siskiyous 1610, SIUE 1611, Skagit_Val_CC 1612, Skidmore 1613, Skyline 1614, Slippery_Rock 1615, Smith 1616, SMU 1617, Snead_St 1618, Snow_Col 1619, So_Crescent_Tech 1620, Solano_CC 1621, Sonoma_St 1622, South_Alabama 1623, South_Carolina 1624, South_Dakota 1625, South_Florida 1626, South_Mtn 1627, South_Plains 1628, Southeast_CC 1629, Southeastern_CC 1630, Southeastern_FL 1631, Southern_Idaho 1632, Southern_MD 1633, Southern_Miss 1634, Southern_N.O. 1635, Southern_Nazarene 1636, Southern_Oregon 1637, Southern_St_CC 1638, Southern_Univ 1639, Southern_Utah 1640, Southern-Shreve 1641, Southwestern_CA 1642, Southwestern_CC 1643, Southwestern_KS 1644, Spalding 1645, Spartanburg_Meth 1646, Spokane_CC 1647, Sprfld_Tech_CC 1648, Spring_Arbor 1649, Spring_Hill 1650, Springfield 1651, St_Ambrose 1652, St_Andrew's 1653, St_Anselm 1654, St_Augustine's 1655, St_Benedict 1656, St_Bonaventure 1657, St_Catherine 1658, St_Clair 1659, St_Clair_Co 1660, St_Cloud 1661, St_Cloud_Tech 1662, St_Edward's 1663, St_Elizabeth 1664, St_Fran_Xavier 1665, St_Francis_IL 1666, St_Francis_IN 1667, St_Francis_NY 1668, St_Francis_PA 1669, St_Gregory's 1670, St_John_Fisher 1671, St_John's 1672, St_Joseph_CT 1673, St_Joseph_VT 1674, St_Joseph's_LI 1675, St_Joseph's_ME 1676, St_Joseph's_NY 1677, St_Joseph's_PA 1678, St_Katherine 1679, St_Lambert 1680, St_Lawrence 1681, St_Lawrence_ON 1682, St_Leo 1683, St_Louis 1684, St_Louis_Pharm 1685, St_Martin's 1686, St_Mary_KS 1687, St_Mary_NE 1688, St_Mary's_AB 1689, St_Mary's_CA 1690, St_Mary's_IN 1691, St_Mary's_MD 1692, St_Mary's_MN 1693, St_Mary's_NS 1694, St_Mary's_TX 1695, St_Mary-Woods 1696, St_Michael's 1697, St_Norbert 1698, St_Olaf 1699, St_Peter's 1700, St_Petersburg 1701, St_Rose 1702, St_Scholastica 1703, St_Thomas_FL 1704, St_Thomas_MN 1705, St_Thomas_NB 1706, St_Thomas_TX 1707, St_Vincent 1708, St_Xavier_IL 1709, Stanford 1710, State_Fair_CC 1711, Staten_Island 1712, Stephens 1713, Sterling 1714, Stetson 1715, Stevens_Tech 1716, Stevenson 1717, Stillman 1718, StL_CC-Meramec 1719, Stonehill 1720, Stony_Brook 1721, Suffolk 1722, Suffolk_Co-Selden 1723, Sul_Ross 1724, Sullivan_Co 1725, Summit 1726, SUNY_Canton 1727, SUNY_Fredonia 1728, SUNY_New_Paltz 1729, SUNY_Oneonta 1730, SUNY_Potsdam 1731, SUNY-Cobleskill 1732, SUNY-Delhi 1733, SUNYIT 1734, Susquehanna 1735, Sussex_Co_CC 1736, SW_Adventist 1737, SW_Assemb_God 1738, SW_Baptist 1739, SW_Chr_TX 1740, SW_Christian 1741, SW_Illinois 1742, SW_Minnesota 1743, SW_Mississippi 1744, SW_Oklahoma 1745, SW_Oregon_CC 1746, SW_Tennessee 1747, SW_Univ_TX 1748, Swarthmore 1749, Syracuse 1750, T_Jefferson 1751, Tabor 1752, Tacoma_CC 1753, Taft_CC 1754, Talladega 1755, Tallahassee_CC 1756, TAM_C._Christi 1757, Tampa 1758, Tarleton_St 1759, Taylor_IN 1760, TCU 1761, Temple 1762, Temple_Col 1763, Tennessee 1764, Tennessee_St 1765, Tennessee_Tech 1766, Texas 1767, Texas_A&M 1768, Texas_A&M_Intl 1769, Texas_Col 1770, Texas_St 1771, Texas_Tech 1772, Texas_Woman's 1773, The_Master's 1774, Thiel 1775, Thomas_Aquinas 1776, Thomas_GA 1777, Thomas_ME 1778, Thomas_More 1779, Thomas_Nelson_CC 1780, Thompson_Riv 1781, Three_Rivers 1782, Tiffin 1783, TN_Martin 1784, TN_Wesleyan 1785, Toccoa_Falls 1786, Tohono_O'odham 1787, Toledo 1788, Tompkins_Cortland 1789, Toronto 1790, Tougaloo 1791, Towson 1792, Transylvania 1793, Treasure_Val_CC 1794, Trevecca_Naz 1795, Trine 1796, Trinidad_St_JC 1797, Trinity_Bap 1798, Trinity_Bib 1799, Trinity_Chr 1800, Trinity_CT 1801, Trinity_DC 1802, Trinity_FL 1803, Trinity_IL 1804, Trinity_TX 1805, Trinity_Valley_CC 1806, Trinity_Western 1807, Triton_Col 1808, Trois-Rivieres 1809, Troy 1810, Truett-McConnell 1811, Truman_Col 1812, Truman_St 1813, Tufts 1814, Tulane 1815, Tulsa 1816, Turtle_Mtn_CC 1817, Tusculum 1818, Tuskegee 1819, TX_A&M_Commerce 1820, TX_A&M_K'ville 1821, TX_Lutheran 1822, TX_Southern 1823, TX_Wesleyan 1824, Tyler_JC 1825, U_New_England 1826, UAB 1827, UBC-Okanagan 1828, UC_Davis 1829, UC_Irvine 1830, UC_Merced 1831, UC_Riverside 1832, UC_San_Diego 1833, UC_Santa_Barbara 1834, UC_Santa_Cruz 1835, UCF 1836, UCLA 1837, UConn-AP 1838, ULM 1839, Ulster_Co 1840, UMBC 1841, Umpqua_CC 1842, UNC_Asheville 1843, UNC_Greensboro 1844, UNC_Wilmington 1845, Union_Co 1846, Union_KY 1847, Union_NY 1848, Union_TN 1849, United_Tribes 1850, Unity 1851, Univ_Lethbridge 1852, Univ_of_Southwest 1853, Univ_Ozarks 1854, Univ_Sciences 1855, UNLV 1856, UPEI 1857, Upper_Iowa 1858, UQAM 1859, Urbana 1860, Ursinus 1861, Ursuline 1862, USC 1863, USC_Salkehatchie 1864, UT_Arlington 1865, UT_Dallas 1866, UT_San_Antonio 1867, UT_Tyler 1868, UT-Mississauga 1869, Utah 1870, Utah_St 1871, Utah_Valley 1872, UTEP 1873, Utica 1874, UTRGV 1875, UVA-Wise 1876, VA_Commonwealth 1877, VA_Wesleyan 1878, Valdosta_St 1879, Valley_City_St 1880, Valley_Forge 1881, Valparaiso 1882, Vancouver_Island 1883, Vanderbilt 1884, Vanguard 1885, Vanier 1886, Vassar 1887, Vaughn 1888, Ventura_Col 1889, Vermilion_CC 1890, Vermont 1891, Vermont_Tech 1892, Victor_Valley 1893, Victoria 1894, Villa_Maria 1895, Villanova 1896, Vincennes 1897, Virgin_Islands 1898, Virginia 1899, Virginia_St 1900, Virginia_Tech 1901, Virginia_Union 1902, Viterbo 1903, Volunteer_St 1904, Voorhees 1905, W_Carolina 1906, W_Connecticut 1907, W_Georgia_Tech 1908, W_Illinois 1909, W_Michigan 1910, W_Nebraska_CC 1911, W_New_England 1912, W_New_Mexico 1913, W_Oklahoma_St 1914, W_Oregon 1915, W_Salem_St 1916, W_Texas_A&M 1917, W_Washington 1918, W_Wyoming_CC 1919, Wabash_Val 1920, Wagner 1921, Wake_Forest 1922, Wake_Tech 1923, Waldorf 1924, Walla_Walla 1925, Walla_Walla_CC 1926, Wallace_CC-Selma 1927, Wallace_St 1928, Walsh 1929, Walters_St 1930, Warner 1931, Warner_Pacific 1932, Warren_Wilson 1933, Wartburg 1934, Wash_&_Jeff 1935, Wash_&_Lee 1936, Washburn 1937, Washington 1938, Washington_Advt 1939, Washington_MD 1940, Washington_St 1941, Washington_StL 1942, Waterloo 1943, Waubonsee_CC 1944, Wayland 1945, Wayne_Co 1946, Wayne_St_MI 1947, Wayne_St_NE 1948, Waynesburg 1949, Weatherford 1950, Webber 1951, Weber_St 1952, Webster_Univ 1953, Welch 1954, Wellesley 1955, Wells 1956, Wenatchee_Val_CC 1957, Wentworth_Tech 1958, Wesley_DE 1959, Wesleyan_CT 1960, Wesleyan_GA 1961, West_Alabama 1962, West_Chester 1963, West_Florida 1964, West_Georgia 1965, West_Hills-Lemoore 1966, West_LA_Col 1967, West_Liberty 1968, West_Virginia 1969, Westchester_CC 1970, Westcliff 1971, Western_ON 1972, Western_St_CO 1973, Western_Tech 1974, Western_Texas 1975, Westfield_St 1976, Westminster_MO 1977, Westminster_PA 1978, Westminster_UT 1979, Westmont 1980, Westmoreland_Co 1981, Whatcom_CC 1982, Wheaton_IL 1983, Wheaton_MA 1984, Wheeling_Jesuit 1985, Wheelock 1986, Whitman 1987, Whittier 1988, Whitworth 1989, WI_Eau_Claire 1990, WI_Green_Bay 1991, WI_LaCrosse 1992, WI_Lutheran 1993, WI_Milwaukee 1994, WI_Oshkosh 1995, WI_Parkside 1996, WI_Platteville 1997, WI_River_Falls 1998, WI_Stevens_Pt 1999, WI_Stout 2000, WI_Superior 2001, WI_Whitewater 2002, Wichita_St 2003, Widener 2004, Wilberforce 2005, Wilbur_Wright 2006, Wiley 2007, Wilkes 2008, Willamette 2009, William_&_Mary 2010, William_Penn 2011, Williams 2012, Williams_Bap 2013, Williston_St 2014, Wilmington_DE 2015, Wilmington_OH 2016, Wilson 2017, Windsor 2018, Wingate 2019, Winnipeg 2020, Winona_St 2021, Winthrop 2022, Wisconsin 2023, Wittenberg 2024, WKU 2025, Wm_Carey 2026, Wm_Jessup 2027, Wm_Jewell 2028, Wm_Paterson 2029, Wm_Woods 2030, Wofford 2031, Wooster 2032, Worcester_St 2033, Worcester_Tech 2034, Wright_St 2035, Wright_St-Lake 2036, WV_State 2037, WV_Tech 2038, WV_Wesleyan 2039, Wyoming 2040, Xavier 2041, Xavier_LA 2042, Yakima_Val_CC 2043, Yale 2044, Yellowstone_Chr 2045, Yeshiva 2046, York_NE 2047, York_NY 2048, York_ON 2049, York_PA 2050, Young_Harris 2051, Youngstown_St 2052, Yuba
