1, Abilene_Chr 2, Academy_of_Art 3, Acadia 4, Adams_St 5, Adelphi 6, Adirondack_CC 7, Adrian 8, AFLBC 9, Air_Force 10, AK_Anchorage 11, AK_Fairbanks 12, Akron 13, Akron-Wayne 14, AL_Huntsville 15, Alabama 16, Alabama_A&M 17, Alabama_St 18, Alameda 19, Albany_GA 20, Albany_NY 21, Albany_Pharmacy 22, Albany_Tech 23, Alberta 24, Albertus_Magnus 25, Albion 26, Albright 27, Alcorn_St 28, Ald-Broaddus 29, Alfred 30, Alfred_St 31, Algoma 32, Algonquin 33, Alice_Lloyd 34, Allan_Hancock 35, Allegany_MD 36, Allegheny 37, Allen 38, Allen_Co 39, Alma 40, Alpena_CC 41, Alvernia 42, Ambrose 43, American_Intl 44, American_River 45, American_Univ 46, Amherst 47, Ancilla 48, Anderson_IN 49, Anderson_SC 50, Andrew_Col 51, Andrews 52, Angelina 53, Angelo_St 54, Anna_Maria 55, Anne_Arundel 56, Anoka_Ramsey 57, Antelope_Val 58, Antelope_Val_CC 59, Appalachian_Bib 60, Appalachian_St 61, Apprentice 62, Aquinas 63, Arcadia 64, Arizona 65, Arizona_Chr 66, Arizona_St 67, Ark_Baptist 68, Ark_Little_Rock 69, Ark_Monticello 70, Ark_Pine_Bluff 71, Arkansas 72, Arkansas_St 73, Arkansas_Tech 74, Arkansas-FS 75, Arlington_Bap 76, Army 77, ASA 78, ASA_Miami 79, Asbury 80, Ashland 81, Assumption 82, Atlantic_Cape_CC 83, Auburn 84, Auburn_M'gomery 85, Augsburg 86, Augusta 87, Augustana_AB 88, Augustana_IL 89, Augustana_SD 90, Aurora 91, Austin_Col 92, Austin_Peay 93, Ave_Maria 94, Averett 95, Avila 96, AZ_Western 97, Azusa_Pacific 98, B_Franklin_Tech 99, Babson 100, Bacone 101, Baker_KS 102, Bakersfield_Col 103, Baldwin-Wallace 104, Ball_St 105, Baltimore_City_CC 106, Bap_Bible_MO 107, Barclay 108, Bard 109, Barry 110, Barstow_CC 111, Barton 112, Barton_Co 113, Baruch 114, Bates 115, Baton_Rouge_CC 116, Bay_Col 117, Baylor 118, Becker 119, Belhaven_MS 120, Bellarmine 121, Bellevue 122, Bellevue_CC 123, Belmont 124, Belmont_Abbey 125, Beloit 126, Bemidji_St 127, Benedict 128, Benedictine_AZ 129, Benedictine_IL 130, Benedictine_KS 131, Bentley 132, Berea 133, Bergen_CC 134, Berkeley_NYC 135, Berry 136, Bethany_KS 137, Bethany_Luth 138, Bethany_WV 139, Bethel_IN 140, Bethel_KS 141, Bethel_MN 142, Bethel_TN 143, Bethesda 144, Bethune-Cookman 145, Bevill-Fay 146, Big_Bend_CC 147, Binghamton 148, Biola 149, Birmingham_So 150, Bishop_St 151, Bishop's 152, Bismarck_St 153, Black_Hawk-M 154, Black_Hills_St 155, Blackburn 156, Blinn 157, Bloomfield 158, Bloomsburg 159, Blue_Mountain_CC 160, Blue_Mtn 161, Bluefield_VA 162, Bluefield_WV 163, Bluffton 164, Bob_Jones 165, Boise_St 166, Bor_Manhattan 167, Bossier_Parish 168, Boston_College 169, Boston_Univ 170, Bowdoin 171, Bowie_St 172, Bowling_Green 173, Boyce 174, Bradley 175, Brandeis 176, Brandon 177, Brebeuf 178, Brescia 179, Brevard 180, Brewton-Parker 181, Briar_Cliff 182, Bridgeport 183, Bridgewater_MA 184, Bridgewater_VA 185, Briercrest 186, Bristol_CC 187, Brit_Columbia 188, Brock 189, Brockport_St 190, Bronx_CC 191, Brookdale_CC 192, Brookhaven 193, Brooklyn_Col 194, Broome_CC 195, Broward_CC 196, Brown 197, Brunswick_CC 198, Bry_&_Strat-Albany 199, Bry_&_Strat-Buffalo 200, Bry_&_Strat-Cleveland 201, Bry_&_Strat-Greece 202, Bry_&_Strat-Liverpool 203, Bry_&_Strat-Milwaukee 204, Bry_&_Strat-Rochester 205, Bry_&_Strat-Syracuse 206, Bry_&_Strat-VB 207, Bryan 208, Bryant 209, Bryn_Athyn 210, Bucknell 211, Bucks_Co_CC 212, Buena_Vista 213, Buffalo 214, Buffalo_St 215, Bunker_Hill_CC 216, Burlington_Co 217, Butler 218, Butler_Co-KS 219, Butler_Co-PA 220, Butte_Col 221, BYU 222, C_Arizona 223, C_Chr_Bible 224, C_Maine_Tech 225, C_Michigan 226, C_Missouri 227, C_Oklahoma 228, C_Washington 229, Cabrillo 230, Cabrini 231, Cairn 232, Cal_Baptist 233, Cal_Lutheran 234, Cal_Maritime 235, Cal_Miramar 236, Cal_Poly 237, Cal_St-LA 238, Caldwell 239, Caldwell_CC_Tech 240, Calgary 241, California 242, California_PA 243, Caltech 244, Calumet-St_Jos 245, Calvary_Bib 246, Calvin 247, Camden_Co 248, Cameron 249, Camosun 250, Campbell 251, Campbellsville 252, Canada_Col 253, Canadian_Menn 254, Canadore 255, Canisius 256, Cape_Breton 257, Cape_Fear_CC 258, Capilano 259, Capital 260, Card_Stritch 261, Carl_Sandburg 262, Carleton_MN 263, Carleton_ON 264, Carlow 265, Carnegie_Mellon 266, Carolina_Chr 267, Carroll_MT 268, Carroll_WI 269, Carson-Newman 270, Carthage 271, Carver_Bib 272, Case_Western 273, Casper_College 274, Castleton 275, Catawba 276, Catawba_Val 277, Catholic 278, Cayuga_CC 279, Cazenovia 280, CC_Allegheny-A 281, CC_Allegheny-B 282, CC_Beaver_Co 283, CC_of_RI 284, CCBC_Catonsville 285, CCBC-Dundalk 286, Cecil_Col 287, Cedar_Valley 288, Cedarville 289, Cent_Arkansas 290, Cent_Carolina_CC 291, Cent_CC-Columbus 292, Cent_Georgia_Tech 293, Cent_Methodist 294, Cent_Wyoming 295, Centenary 296, Centenary_NJ 297, Centennial_Col 298, Central_Bap 299, Central_Chr 300, Central_Conn 301, Central_IA 302, Central_Lakes 303, Central_Penn 304, Central_St_OH 305, Centralia_Col 306, Centre 307, Cerritos_Col 308, Cerro_Coso 309, Chabot 310, Chadron_St 311, Chaffey 312, Chaminade 313, Champion_Bap 314, Chand-Gilbert 315, Chapman 316, Charleston_So 317, Charleston_WV 318, Charlotte 319, Chatham 320, Chatt_St_Tech 321, Chattahoochee_Val 322, Chattanooga 323, Chemekata_CC 324, Chesapeake 325, Chestnut_Hill 326, Cheyney_St 327, Chicago 328, Chicago_St 329, Chipola 330, Chowan 331, Chr_Brothers 332, Chris_Newport 333, Christendom 334, Cin_Clermont 335, Cincinnati 336, Cincinnati_Chr 337, Citadel 338, Citrus_Col 339, City_Col_NY 340, City_Col_San_Fran 341, Clackamas_CC 342, Claflin 343, Claremont_M.S. 344, Clarendon 345, Clarion 346, Clark_Atlanta 347, Clark_CC 348, Clark_MA 349, Clark_St 350, Clarke 351, Clarkson 352, Clayton_St 353, Clemson 354, Cleveland_St 355, Cleveland_St_CC 356, Clinton_CC_(NY) 357, Clinton_College 358, Clinton_JC 359, Cloud_Co 360, Co_Col_Morris 361, Coahoma_CC 362, Coast_Guard 363, Coastal_AL-BM 364, Coastal_AL-Mon 365, Coastal_Bend 366, Coastal_Car 367, Coastal_GA 368, Cochise 369, Coe 370, Coffeyville_CC 371, Coker 372, Col_Cent_Florida 373, Col_Charleston 374, Col_Marin 375, Col_of_Dupage 376, Col_of_Idaho 377, Col_of_the_Canyons 378, Col_of_the_Desert 379, Col_of_the_Redwoods 380, Col_of_the_Sequoias 381, Col_Ozarks 382, Col_Springs 383, Colby 384, Colby_CC 385, Colby-Sawyer 386, Colgate 387, College_of_NJ 388, Collin_Co 389, Colorado 390, Colorado_Chr 391, Colorado_Col 392, Colorado_Mines 393, Colorado_NW 394, Colorado_St 395, Columbia 396, Columbia_Basin 397, Columbia_Bib 398, Columbia_CC 399, Columbia_Greene 400, Columbia_Intl 401, Columbia_MO 402, Columbia_St 403, Columbus_St 404, Columbus_St_CC 405, Concord 406, Concordia_AB 407, Concordia_CA 408, Concordia_IL 409, Concordia_Mhd 410, Concordia_MI 411, Concordia_NE 412, Concordia_NY 413, Concordia_OR 414, Concordia_QC 415, Concordia_SP 416, Concordia_TX 417, Concordia_WI 418, Conestoga 419, Connecticut 420, Connors_St 421, Contra_Costa 422, Cooper_Union 423, Copiah-Lincoln 424, Copper_Mtn 425, Coppin_St 426, Corban 427, Cornell 428, Cornell_IA 429, Cornerstone 430, Corning_CC 431, Cortland_St 432, Cosumnes_River 433, Covenant 434, Cowley_Co 435, Crandall 436, Creighton 437, Crowley's_Ridge 438, Crown_MN 439, Crown_TN 440, CS_Bakersfield 441, CS_Chico 442, CS_Dom._Hills 443, CS_Fullerton 444, CS_Monterey_Bay 445, CS_Northridge 446, CS_Poly_Pomona 447, CS_Sacramento 448, CS_San_Bern. 449, CS_San_Marcos 450, CS_Stanislaus 451, CSU_East_Bay 452, CSU-Pueblo 453, CT_College 454, Cuesta 455, Culinary_Inst 456, Culver-Stockton 457, Cumberland_Co 458, Cumberland_TN 459, Cumberlands_KY 460, Curry 461, Cuyahoga_CC 462, Cuyamaca 463, Cypress 464, D'Youville 465, Daemen 466, Dakota_Co_Tech 467, Dakota_St 468, Dakota_Wesleyan 469, Dakota-Bottineau 470, Daley 471, Dalhousie 472, Dalhousie_Ag 473, Dallas_Bap 474, Dallas_Chr 475, Dallas_Univ 476, Dalton_St 477, Danville_CC_IL 478, Dartmouth 479, Davenport 480, Davidson 481, Davidson_Co_CC 482, Davis 483, Davis_&_Elkins 484, Dawson 485, Dawson_CC 486, Dayton 487, Daytona_St 488, De_Anza_Col 489, DE_Tech_CC 490, Dean 491, Defiance 492, Delaware 493, Delaware_Co_CC 494, Delaware_St 495, Delaware_Val 496, Delgado_CC 497, Delta_Col 498, Delta_St 499, Denison 500, Denmark_Tech 501, Denver 502, DePaul 503, DePauw 504, Des_Moines_CC 505, DeSales 506, Detroit 507, Diablo_Val 508, Dickinson 509, Dickinson_St_ND 510, Dillard 511, Dist_Columbia 512, Dixie_St 513, Doane 514, Dodge_City_CC 515, Dominican_CA 516, Dominican_IL 517, Dominican_NY 518, Dordt 519, Douglas 520, Drake 521, Drew 522, Drexel 523, Drury 524, Dubuque 525, Duke 526, Duquesne 527, Durham 528, Dutchess_CC 529, Dyersburg_St 530, E_Connecticut 531, E_Florida_St 532, E_Illinois 533, E_Kentucky 534, E_Mennonite 535, E_Michigan 536, E_Mississippi_CC 537, E_Nazarene 538, E_New_Mexico 539, E_Stroudsburg 540, E_Texas_Bap 541, E_Washington 542, Earlham 543, East_Carolina 544, East_Central_CC 545, East_Central_OK 546, East_Georgia_Col 547, East_LA_Col 548, East-West 549, Eastern_Arizona 550, Eastern_OK_St 551, Eastern_Oregon 552, Eastern_Univ 553, Eastern_Utah 554, Eastern_Wyoming 555, Eastfield_Col 556, Ecclesia 557, Eckerd 558, Ed_Montpetit 559, Edgewood 560, Edinboro 561, Edison_CC 562, Edmonds_CC 563, Edward_Waters 564, El_Camino_Col 565, El_Camino-Compton 566, Elgin_CC 567, Eliz._City_St 568, Elizabethtown 569, Ellsworth_CC 570, Elmhurst 571, Elmira 572, Elms 573, Elon 574, Embry-Riddle_AZ 575, Embry-Riddle_FL 576, Emerson 577, Emmanuel_GA 578, Emmanuel_MA 579, Emmaus_Bib 580, Emory 581, Emory_&_Henry 582, Emporia_St 583, Endicott 584, Enterprise_St 585, Erie_CC 586, Erskine 587, Essex_CC 588, ETSU 589, Eureka 590, Evangel 591, Evansville 592, Everett_CC 593, Evergreen_St 594, F_Dickinson 595, Fairfield 596, Fairmont_St 597, Faith_Bap 598, Fanshawe 599, Farmingdale 600, Faulkner 601, Fayetteville_St 602, Fayetteville_Tech 603, FDU_Madison 604, Feather_River 605, Felician 606, Ferris_St 607, Ferrum 608, Findlay 609, Finger_Lakes_CC 610, Finlandia 611, Fisher 612, Fisk 613, Fitchburg_St 614, Five_Towns 615, FL_Atlantic 616, FL_Gateway 617, FL_Gulf_Coast 618, FL_Memorial 619, FL_Southern 620, FL_Southwestern 621, Flagler 622, Fleming 623, Florida 624, Florida_A&M 625, Florida_Col 626, Florida_Intl 627, Florida_National 628, Florida_St 629, Florida_St-Jax 630, Florida_Tech 631, Folsom_Lake 632, Fond_du_Lac_T&CC 633, Fontbonne 634, Foothill_Col 635, Fordham 636, Fort_Hays_St 637, Fort_Scott_CC 638, Fort_Valley_St 639, Framingham_St 640, Francis_Marion 641, Franciscan_OH 642, Frank_&_Marsh 643, Frank_Phillips 644, Franklin_IN 645, Franklin_Pierce 646, Fraser_Val 647, Frederick_CC 648, Freed-Hardeman 649, Fresno_City_Col 650, Fresno_Pacific 651, Fresno_St 652, Friends 653, Frostburg_St 654, Ft_Lewis 655, Fullerton_Col 656, Fulton-Mont 657, Furman 658, G_Washington 659, Ga_Southern 660, Gadsden_St_CC 661, Gallaudet 662, Gannon 663, Garden_City_CC 664, Gardner_Webb 665, Garrett 666, Gateway_CC 667, Gavilan 668, Genesee_CC 669, Geneseo_St 670, Geneva 671, George_Brown 672, George_Fox 673, George_Mason 674, Georgetown 675, Georgetown_KY 676, Georgia 677, Georgia_C&S 678, Georgia_Highlands 679, Georgia_NW_Tech 680, Georgia_St 681, Georgia_SW 682, Georgia_Tech 683, Georgian 684, Georgian_Court 685, Gettysburg 686, Gillette 687, Glen_Oaks_CC 688, Glendale_AZ 689, Glendale_CA 690, Glenville_St 691, Gloucester_Co 692, Gogebic_CC 693, Goldey_Beacom 694, Gonzaga 695, Gordon 696, Gordon_GA 697, Goshen 698, Goucher 699, Governors_St 700, Grace_Chr 701, Grace_IN 702, Graceland 703, Grambling 704, Grand_Canyon 705, Grand_Rapids_CC 706, Grand_Valley_St 707, Grand_View 708, Grande_Prairie 709, Grant_MacEwan 710, Grays_Harbor 711, Grayson_Co_JC 712, Great_Lakes_Chr 713, Green_Mtn 714, Green_River_CC 715, Greensboro 716, Greenville 717, Grinnell 718, Grossmont 719, Grove_City 720, Guelph 721, Guilford 722, Guilford_Tech_CC 723, Gulf_Coast_CC 724, Gust_Adolphus 725, Gwynedd-Mercy 726, Hagerstown_CC 727, Hamilton 728, Hamline 729, Hampden-Sydney 730, Hampshire 731, Hampton 732, Hannibal-Lagr 733, Hanover 734, Harcum_Col 735, Hardin-Simmons 736, Harding 737, Harford_CC 738, Harper 739, Harris-Stowe 740, Harrisburg_Area_CC 741, Hartford 742, Hartnell 743, Hartwick 744, Harvard 745, Haskell 746, Hastings 747, Haverford 748, Hawaii 749, Hawaii_Hilo 750, Hawaii_Pacific 751, Heidelberg 752, Henderson_St 753, Hendrix 754, Henry_Ford_CC 755, Herkimer_Co 756, Hesston 757, Hibbing_CC 758, High_Point 759, Highland_CC_IL 760, Highland_CC_KS 761, Highline_CC 762, Hilbert 763, Hill_Col 764, Hillsborough_CC 765, Hillsdale 766, Hinds_CC 767, Hiram 768, Hiwassee 769, Hobart_&_Smith 770, Hocking 771, Hofstra 772, Holland 773, Holmes_CC 774, Holy_Cross 775, Holy_Cross_IN 776, Holy_Family 777, Holy_Names 778, Holyoke_CC 779, Hood 780, Hope 781, Hope_Intl 782, Hostos_CC 783, Houghton 784, Houston 785, Houston_Bap 786, Howard 787, Howard_CC_MD 788, Howard_Col 789, Howard_Payne 790, Hudson_Val 791, Humber 792, Humboldt_St 793, Hunter 794, Huntingdon 795, Huntington 796, Husson 797, Huston-Tillot 798, Hutchinson_CC 799, Idaho 800, Idaho_St 801, IL_Central 802, IL_Chicago 803, IL_Springfield 804, IL_Tech 805, IL_Wesleyan 806, Illinois 807, Illinois_Col 808, Illinois_St 809, Illinois_Val 810, Immaculata 811, Imperial_Val 812, IN_S_Bend 813, IN_Southeast 814, IN_Wesleyan 815, Incarnate_Word 816, Independence_CC 817, Indian_Hills_CC 818, Indian_River 819, Indiana 820, Indiana_NW 821, Indiana_PA 822, Indiana_St 823, Indiana_Tech 824, Indiana-East 825, Indianapolis 826, Iona 827, Iowa 828, Iowa_Cent 829, Iowa_Lakes_CC 830, Iowa_St 831, Iowa_Wesleyan 832, Iowa_Western_CC 833, Irvine_Valley 834, Itasca_CC 835, Itawamba_CC 836, Ithaca 837, IU_Kokomo 838, IUPUI 839, J&W_CO 840, J&W_FL 841, J&W_NC 842, J&W_RI 843, Jackson_CC 844, Jackson_St 845, Jackson_St_CC 846, Jacksonville 847, Jacksonville_Col 848, Jacksonville_St 849, James_Madison 850, Jamestown 851, Jamestown_CC 852, Jarvis_Chr 853, JC_Smith 854, Jefferson_CC 855, Jefferson_Davis 856, John_Abbott 857, John_Brown 858, John_Carroll 859, John_Jay 860, John_Logan 861, John_Wood_CC 862, Johns_Hopkins 863, Johnson_Co 864, Johnson_FL 865, Johnson_St 866, Johnson_TN 867, Johnston_CC 868, Joliet_JC 869, Jones_Co_CC 870, Judson_IL 871, Juniata 872, Kalamazoo 873, Kalamazoo_Val 874, Kankakee_CC 875, Kansas 876, Kansas_Chr 877, Kansas_City_KS 878, Kansas_St 879, Kaskaskia 880, Kean 881, Keene_St 882, Keiser 883, Kellogg_CC 884, Kennedy-King 885, Kennesaw 886, Kent 887, Kent-Tusc 888, Kentucky 889, Kentucky_Chr 890, Kentucky_St 891, Kenyon 892, Keuka 893, Keyano 894, Keystone 895, Kilgore 896, King_TN 897, King's_AB 898, King's_NS 899, King's_NY 900, King's_PA 901, Kingsborough 902, Kirkwood_CC 903, Kishwaukee_CC 904, Knox 905, KS_Wesleyan 906, Kutztown 907, KY_Wesleyan 908, La_Cite 909, LA_Harbor 910, LA_Pierce 911, La_Roche 912, La_Salle 913, La_Sierra 914, LA_Southwest 915, LA_Trade-Tech 916, LA_Valley_Col 917, La_Verne 918, Labette_CC 919, Lackawanna 920, Lafayette 921, LaGrange 922, Lake_Co 923, Lake_Erie 924, Lake_Forest 925, Lake_Land_IL 926, Lake_Michigan 927, Lake_Region 928, Lake_Superior 929, Lake_Superior_CC 930, Lakehead 931, Lakeland 932, Lakeland_AB 933, Lakeland_CC 934, Lamar 935, Lamar_CC 936, Lamar_St 937, Lambton 938, Lancaster_Bib 939, Lander 940, Lane 941, Lane_CC 942, Langara 943, Langston 944, Lansing_CC 945, Laramie_Co 946, Las_Positas 947, Lasell 948, Lassen 949, Laurentian 950, Laurier 951, Laval 952, Lawrence 953, Lawrence_Tech 954, Lawson_St 955, Le_Moyne 956, Le_Tourneau 957, Lebanon_Val 958, Lee_TN 959, Lee_TX 960, Leech_Lake 961, Lees-McRae 962, Lehigh 963, Lehigh_Carbon 964, Lehman 965, LeMoyne-Owen 966, Lenoir_CC 967, Lenoir_Rhyne 968, Lesley 969, Lethbridge_Col 970, Lewis 971, Lewis_&_Clark 972, Lewis_&_Clark_CC 973, Lewis-Clark_ID 974, Liberty 975, Life 976, Life_Pacific 977, Limestone 978, Lincoln_Chr 979, Lincoln_Col 980, Lincoln_Land 981, Lincoln_Mem 982, Lincoln_MO 983, Lincoln_PA 984, Lincoln_Trail 985, Lindenwood 986, Lindenwood-Belle 987, Lindsey_Wilson 988, Linfield 989, Linn-Benton_CC 990, Lipscomb 991, Little_Big_Horn 992, Little_Priest 993, LIU_Brooklyn 994, LIU_Post 995, Livingstone 996, Lock_Haven 997, Long_Beach_City_Col 998, Long_Beach_St 999, Longwood 1000, Lorain_Co_CC 1001, Loras 1002, Los_Medanos 1003, Louisburg 1004, Louisiana 1005, Louisiana_Col 1006, Louisiana_Tech 1007, Louisville 1008, Lourdes 1009, Lower_Columbia 1010, Loy_Marymount 1011, Loyalist 1012, Loyola_MD 1013, Loyola_NO 1014, Loyola-Chicago 1015, LSU 1016, LSU_Shreveport 1017, LSU-Alexandria 1018, LSU-Eunice 1019, Lubbock_Chr 1020, Lurleen_Wallace 1021, Luther_IA 1022, Luther_MN 1023, Luzerne_Co_CC 1024, Lycoming 1025, Lynchburg 1026, Lyndon_St 1027, Lynn 1028, Lyon 1029, M_Hardin-Baylor 1030, MA_Boston 1031, MA_Dartmouth 1032, MA_Liberal_Arts 1033, MA_Lowell 1034, Macalester 1035, MacMurray 1036, Macomb_CC 1037, Madison_Col 1038, Madonna 1039, Maine 1040, Malcolm_X 1041, Malone 1042, Manchester 1043, Manhattan 1044, Manhattan_Chr 1045, Manhattanville 1046, Manitoba 1047, Manor 1048, Mansfield 1049, Maranatha_Bap 1050, Marian_IN 1051, Marian_WI 1052, Marietta 1053, Marion_Mil 1054, Marist 1055, Marquette 1056, Mars_Hill 1057, Marshall 1058, Marshalltown_CC 1059, Martin_Meth 1060, Mary_ND 1061, Mary_Washington 1062, Maryland 1063, Marymount_VA 1064, Maryville_MO 1065, Maryville_TN 1066, Marywood 1067, Mass_Bay_CC 1068, Massachusetts 1069, Massasoit_CC 1070, Mayville_St 1071, MCC_Maple_Woods 1072, McCook_CC 1073, McDaniel_Col 1074, McGill 1075, McHenry_Co 1076, McKendree 1077, McLennan_CC 1078, McMaster 1079, McMurry 1080, McNeese_St 1081, McPherson 1082, MD_E_Shore 1083, ME_Augusta 1084, ME_Farmington 1085, ME_Ft_Kent 1086, ME_Machias 1087, ME_Maritime 1088, ME_Presque_Isle 1089, Medaille 1090, Medgar_Evers 1091, Medicine_Hat 1092, Memorial 1093, Memphis 1094, Mendocino 1095, Menlo 1096, Merced_Col 1097, Mercer 1098, Mercer_Co 1099, Merchant_Marine 1100, Mercy 1101, Mercyhurst 1102, Mercyhurst_NE 1103, Meridian_CC 1104, Merrimack 1105, Merritt 1106, Mesa_CC 1107, Mesa_St 1108, Mesabi_Range 1109, Messiah 1110, Methodist 1111, Metro_St 1112, MI_Dearborn 1113, Mia-Middletown 1114, Miami_FL 1115, Miami_OH 1116, Miami-Dade 1117, Miami-Hamilton 1118, Michigan 1119, Michigan_St 1120, Michigan_Tech 1121, Mid_Am_Nazarene 1122, Mid_Georgia 1123, Mid-Am_Chr 1124, Mid-Atlantic_Chr 1125, Mid-Michigan_CC 1126, Mid-South_CC 1127, Middlebury 1128, Middlesex_Co 1129, Midland_NE 1130, Midland_TX 1131, Midway 1132, Midwest_TX_St 1133, Miles 1134, Miles_CC 1135, Millersville 1136, Milligan 1137, Millikin 1138, Millsaps 1139, Milwaukee_Eng 1140, Milwaukee_Tech 1141, Mineral_Area 1142, Minnesota 1143, Minot_St 1144, MiraCosta 1145, Miramar_CC 1146, Misericordia 1147, Mississippi 1148, Mississippi_Col 1149, Mississippi_St 1150, Missouri 1151, Missouri_KC 1152, Missouri_S&T 1153, Missouri_St 1154, Missouri_Val 1155, MIT 1156, Mitchell 1157, MN_Crookston 1158, MN_Duluth 1159, MN_Mankato 1160, MN_Morris 1161, MN_St_CTC 1162, MN_West_C&T 1163, MO_Baptist 1164, MO_Southern 1165, MO_St_Louis 1166, MO_Western 1167, Moberly_Area 1168, Mobile 1169, Modesto_JC 1170, Mohawk 1171, Mohawk_Val 1172, Molloy 1173, Monmouth_IL 1174, Monmouth_NJ 1175, Monroe_CC 1176, Monroe-Bronx 1177, Monroe-NR 1178, Montana 1179, Montana_St 1180, Montclair_St 1181, Monterey_Peninsula 1182, Montevallo 1183, Montgomery_Co_CC 1184, Montgomery-R 1185, Montmorency 1186, Montreat 1187, Moody_Bib 1188, Moorhead_St 1189, Moorpark 1190, Moraine_Val 1191, Moravian 1192, Morehead_St 1193, Morehouse 1194, Morgan_St 1195, Morningside 1196, Morris_SC 1197, Morrisville_St 1198, Morton 1199, Motlow_St 1200, Mott_CC 1201, MS_Delta 1202, MS_Gulf_Coast 1203, MS_Valley_St 1204, MS_Vincent_NS 1205, MS_Women 1206, Mt_Allison 1207, Mt_Aloysius 1208, Mt_Hood_CC 1209, Mt_Marty 1210, Mt_Mercy 1211, Mt_Olive 1212, Mt_Royal 1213, Mt_San_Antonio 1214, Mt_San_Jacinto 1215, Mt_St_Joseph 1216, Mt_St_Mary_NY 1217, Mt_St_Mary's 1218, MT_St_Northern 1219, Mt_St_Vincent 1220, MT_St-Billings 1221, MT_Tech 1222, Mt_Union 1223, Mt_Vernon_Naz 1224, MT_Western 1225, Mtn_View 1226, MTSU 1227, Muhlenberg 1228, Multnomah_Bib 1229, Murray_St 1230, Murray_St_CC 1231, Muskegon_CC 1232, Muskingum 1233, N_Alberta_Tech 1234, N_Arkansas 1235, N_Central_IL 1236, N_Central_MN 1237, N_Central_MO 1238, N_Colorado 1239, N_Country_CC 1240, N_Dakota_St 1241, N_England_Col 1242, N_Essex_CC 1243, N_Illinois 1244, N_Iowa_CC 1245, N_Kentucky 1246, N_Michigan 1247, N_New_Mexico 1248, N_OK-Enid 1249, N_OK-Tonkawa 1250, Napa_Valley_CC 1251, Nassau_CC 1252, National_Park 1253, Navarro 1254, Navy 1255, Nazareth 1256, NB-St_John 1257, NC_A&T 1258, NC_Central 1259, NC_Pembroke 1260, NC_State 1261, NC_Wesleyan 1262, ND_St_Science 1263, NE_Kearney 1264, NE_MS_CC 1265, NE_OK_A&M 1266, NE_Oklahoma 1267, NE_Omaha 1268, NE_Wesleyan 1269, Nebraska 1270, Nebraska_Chr 1271, Neosho_Co 1272, Neumann 1273, Nevada 1274, New_Brunswick 1275, New_Hampshire 1276, New_Haven 1277, New_Hope_Chr 1278, New_Mexico 1279, New_Mexico_JC 1280, New_Mexico_St 1281, New_Orleans 1282, New_Rochelle 1283, Newberry 1284, Newbury 1285, Newman 1286, NH_Tech 1287, Niagara 1288, Niagara_Co 1289, Niagara_ON 1290, Nicholls_St 1291, Nichols 1292, Nipissing 1293, NJ_City 1294, NJIT 1295, NM_Highlands 1296, NM_Military 1297, Norfolk_St 1298, North_Alabama 1299, North_American 1300, North_Carolina 1301, North_Dakota 1302, North_Florida 1303, North_Georgia 1304, North_Greenville 1305, North_Idaho 1306, North_Lake 1307, North_Park 1308, North_Platte_CC 1309, North_Texas 1310, Northampton_CC 1311, Northeast_CC 1312, Northeastern 1313, Northeastern_JC 1314, Northern_Arizona 1315, Northern_BC 1316, Northern_Iowa 1317, Northern_St_SD 1318, Northern_Virginia_CC 1319, Northland 1320, Northland_CTC 1321, Northwest_Chr 1322, Northwest_Indian 1323, Northwest_KS_Tech 1324, Northwest_WA 1325, Northwest_WY 1326, Northwestern 1327, Northwestern_IA 1328, Northwestern_LA 1329, Northwestern_MN 1330, Northwestern_OH 1331, Northwood_MI 1332, Norwich 1333, Notre_Dame 1334, Notre_Dame_CA 1335, Notre_Dame_OH 1336, Nova_SE 1337, NW_Florida_St 1338, NW_Mississippi 1339, NW_Missouri 1340, NW_Nazarene 1341, NW_Oklahoma_St 1342, NY_Maritime 1343, Nyack 1344, NYIT 1345, NYU 1346, Oak_Hills_Chr 1347, Oakland 1348, Oakland_CC 1349, Oakland_City 1350, Oakton_CC 1351, Oakwood 1352, Oberlin 1353, Occidental 1354, Ocean_Co 1355, Odessa 1356, Oglethorpe 1357, OH_Chillicothe 1358, OH_Dominican 1359, OH_Lancaster 1360, OH_St-Mansfield 1361, OH_Zanesville 1362, Ohio 1363, Ohio_Chr 1364, Ohio_Eastern 1365, Ohio_Northern 1366, Ohio_St 1367, Ohio_Valley 1368, Ohio_Wesleyan 1369, Ohlone 1370, OK_Baptist 1371, OK_City 1372, OK_Wesleyan 1373, Okanagan_Col 1374, Oklahoma 1375, Oklahoma_Chr 1376, Oklahoma_S&A 1377, Oklahoma_St 1378, Old_Dominion 1379, Old_Westbury 1380, Olds 1381, Olive-Harvey 1382, Olivet_MI 1383, Olivet_Naz 1384, Olney 1385, Olympic 1386, Onondaga_CC 1387, Oral_Roberts 1388, Orange_Co 1389, Orange_Coast 1390, Oregon 1391, Oregon_St 1392, Oregon_Tech 1393, Oswego_St 1394, Otero_JC 1395, Ottawa_AZ 1396, Ottawa_KS 1397, Ottawa_ON 1398, Otterbein 1399, Ouachita 1400, Our_Lady_Lake 1401, Outaouais 1402, Owens_CC 1403, Oxford_of_Emory 1404, Oxnard 1405, Ozark_Chr 1406, PA_Highlands_CC 1407, Pac_Lutheran 1408, Pace 1409, Pacific 1410, Pacific_OR 1411, Pacific_Union 1412, Paine 1413, Palm_Beach_Atl 1414, Palm_Beach_St 1415, Palomar_Col 1416, Panhandle_St 1417, Panola 1418, Paris_JC 1419, Park 1420, Parkland 1421, Pasadena_City_Col 1422, Pasco-Hernando 1423, Passaic_Co 1424, Patrick_Henry_CC 1425, Paul_Quinn 1426, Paul_Smith's 1427, Peace 1428, Pearl_River_CC 1429, Peninsula 1430, Penn 1431, Penn_Col_Tech 1432, Penn_St 1433, Pensacola_Chr 1434, Pensacola_St 1435, Pepperdine 1436, Permian_Basin 1437, Peru_St 1438, Pfeiffer 1439, PFW 1440, Philadelphia_CC 1441, Philander_Smith 1442, Phoenix_Col 1443, Piedmont 1444, Piedmont_Bap 1445, Pierce_CC 1446, Pikeville 1447, Pima_CC 1448, Pine_Manor 1449, Pitt_CC 1450, Pitt-Bradford 1451, Pitt-Greensburg 1452, Pitt-Johnstown 1453, Pittsburg_St 1454, Pittsburgh 1455, Plattsburgh_St 1456, Plymouth_St 1457, Point 1458, Point_Loma 1459, Point_Park 1460, Polk_CC 1461, Pomona_Pitzer 1462, Porterville 1463, Portland 1464, Portland_Bible 1465, Portland_CC 1466, Portland_St 1467, Post 1468, Potomac_St-WVU 1469, PR_Bayamon 1470, PR_Mayaguez 1471, PR_Rio_Piedras 1472, Prairie_St 1473, Prairie_View 1474, Pratt_CC 1475, Pratt_Inst 1476, Presbyterian 1477, Presentation 1478, Prince_George's 1479, Princeton 1480, Principia 1481, Providence 1482, Providence_GF 1483, Providence_MB 1484, PSU_Wilkes-Barre 1485, PSU_York 1486, PSU-Abington 1487, PSU-Altoona 1488, PSU-Beaver 1489, PSU-Behrend 1490, PSU-Berks 1491, PSU-Brandywine 1492, PSU-DuBois 1493, PSU-Fayette 1494, PSU-Gtr_Allegheny 1495, PSU-Harrisburg 1496, PSU-Hazleton 1497, PSU-Lehigh_Val 1498, PSU-Mont_Alto 1499, PSU-New_Kens 1500, PSU-Schuylkill 1501, PSU-Scranton 1502, PSU-Shenango 1503, Puget_Sound 1504, Purchase 1505, Purdue 1506, Purdue_Northwest 1507, Queen's_ON 1508, Queens_NC 1509, Queens_NY 1510, Queensborough 1511, Quincy 1512, Quincy_CC 1513, Quinnipiac 1514, Quinsigamond 1515, R_Morris_Chi 1516, R_Stockton 1517, Radford 1518, Rainy_River_CC 1519, Ramapo 1520, Randall 1521, Randolph_Col 1522, Randolph_Macon 1523, Ranger 1524, Raritan_Val 1525, Red_Deer 1526, Red_River_Col 1527, Redeemer 1528, Redlands 1529, Redlands_CC 1530, Reedley 1531, Regent 1532, Regina 1533, Regis_CO 1534, Regis_MA 1535, Reinhardt 1536, Rend_Lake 1537, Rensselaer 1538, Rhema_Bib 1539, Rhode_Island 1540, Rhodes 1541, RI_College 1542, Rice 1543, Richard_Bland 1544, Richland 1545, Richmond 1546, Rider 1547, Ridgewater 1548, Rio_Grande 1549, Rio_Hondo 1550, Ripon 1551, Riverland_CC 1552, Riverside_CC 1553, Rivier 1554, Roane_St 1555, Roanoke 1556, Robert_Morris 1557, Roberts_Wslyn 1558, Rochester_C&T 1559, Rochester_MI 1560, Rochester_NY 1561, Rochester_Tech 1562, Rock_Valley 1563, Rockford 1564, Rockhurst 1565, Rockland_CC 1566, Rocky_Mtn 1567, Roger_Williams 1568, Rogers_St 1569, Rollins 1570, Roosevelt 1571, Rose-Hulman 1572, Rosemont 1573, Rowan 1574, Roxbury_CC 1575, Russell_Sage 1576, Rust 1577, Rutgers 1578, Rutgers-Camden 1579, Rutgers-Newark 1580, Ryerson 1581, S_Alberta_Tech 1582, S_Arkansas 1583, S_Carolina_St 1584, S_Connecticut 1585, S_Dakota_St 1586, S_Dakota_Tech 1587, S_Francisco_St 1588, S_Georgia_St 1589, S_Georgia_Tech 1590, S_Illinois 1591, S_Indiana 1592, S_Maine 1593, S_Maine_Tech 1594, S_New_Hampshire 1595, S_Puget_Sound_CC 1596, S_Suburban 1597, S_Union_St 1598, S_Vermont 1599, S_Virginia 1600, S_Wesleyan 1601, Sacramento_City 1602, Sacred_Heart 1603, Saddleback 1604, Saginaw_Val 1605, SAGU_Amer_Ind 1606, Sainte-Foy 1607, Salem_MA 1608, Salem_WV 1609, Salisbury 1610, Salish_Kootenai 1611, Salt_Lake_CC 1612, Salve_Regina 1613, Sam_Houston_St 1614, Samford 1615, San_Bernardino_Val 1616, San_Diego 1617, San_Diego_Chr 1618, San_Diego_Mesa 1619, San_Diego_St 1620, San_Francisco 1621, San_Joaquin_Delta 1622, San_Jose_City_Col 1623, San_Jose_St 1624, Sandhills_CC 1625, Santa_Ana_Col 1626, Santa_Barbara_City 1627, Santa_Clara 1628, Santa_Fe_CC 1629, Santa_Monica_Col 1630, Santa_Rosa_JC 1631, Santiago_Canyon 1632, Sarah_Lawrence 1633, Saskatchewan 1634, SAU_Tech 1635, Sauk_Valley_CC 1636, Sault 1637, Savannah_St 1638, SC_Aiken 1639, SC_Upstate 1640, Schenectady_Co 1641, Schoolcraft 1642, Schreiner 1643, Scottsdale_CC 1644, Scranton 1645, SD_City_Col 1646, SE_Illinois 1647, SE_Louisiana 1648, SE_Missouri_St 1649, SE_Oklahoma 1650, Seattle 1651, Seattle_Pacific 1652, Selma_AL 1653, Seminole_St 1654, Seneca 1655, Seton_Hall 1656, Seton_Hill 1657, Sewanee 1658, Seward_Co 1659, SF_Austin 1660, Shasta_Col 1661, Shaw_NC 1662, Shawnee_CC 1663, Shawnee_St 1664, Shelton_St 1665, Shenandoah 1666, Shepherd 1667, Sheridan_ON 1668, Sheridan_WY 1669, Shippensburg 1670, Shoreline_CC 1671, Shorter 1672, Siena 1673, Siena_Hts 1674, Sierra_Col 1675, Silver_Lake 1676, Simmons_KY 1677, Simon_Fraser 1678, Simpson_CA 1679, Simpson_IA 1680, Sinclair_CC 1681, Sioux_Falls 1682, Siskiyous 1683, Sisseton_Wahpeton 1684, SIUE 1685, Skagit_Val_CC 1686, Skidmore 1687, Skyline 1688, Slippery_Rock 1689, SMU 1690, Snead_St 1691, Snow_Col 1692, So_Crescent_Tech 1693, Solano_CC 1694, Sonoma_St 1695, South_Alabama 1696, South_Carolina 1697, South_Dakota 1698, South_Florida 1699, South_Mtn 1700, South_Plains 1701, Southeast_CC 1702, Southeastern_Bap 1703, Southeastern_CC 1704, Southeastern_FL 1705, Southern_Idaho 1706, Southern_MD 1707, Southern_Miss 1708, Southern_N.O. 1709, Southern_Nazarene 1710, Southern_Oregon 1711, Southern_St_CC 1712, Southern_Univ 1713, Southern_Utah 1714, Southern-Shreve 1715, Southwestern_CA 1716, Southwestern_CC 1717, Southwestern_KS 1718, Spalding 1719, Spartanburg_Meth 1720, Spokane_CC 1721, Sprfld_Tech_CC 1722, Spring_Arbor 1723, Spring_Hill 1724, Springfield 1725, St_Ambrose 1726, St_Andrew's 1727, St_Anselm 1728, St_Augustine's 1729, St_Bonaventure 1730, St_Clair 1731, St_Clair_Co 1732, St_Cloud 1733, St_Cloud_Tech 1734, St_Edward's 1735, St_Elizabeth 1736, St_Fran_Xavier 1737, St_Francis_IL 1738, St_Francis_IN 1739, St_Francis_NY 1740, St_Francis_PA 1741, St_John_Fisher 1742, St_John's 1743, St_John's_MN 1744, St_Joseph_CT 1745, St_Joseph_VT 1746, St_Joseph's_LI 1747, St_Joseph's_ME 1748, St_Joseph's_NY 1749, St_Joseph's_PA 1750, St_Katherine 1751, St_Lambert 1752, St_Lawrence 1753, St_Lawrence_ON 1754, St_Leo 1755, St_Louis 1756, St_Louis_Pharm 1757, St_Martin's 1758, St_Mary_KS 1759, St_Mary's_AB 1760, St_Mary's_CA 1761, St_Mary's_MD 1762, St_Mary's_MN 1763, St_Mary's_NS 1764, St_Mary's_TX 1765, St_Michael's 1766, St_Norbert 1767, St_Olaf 1768, St_Peter's 1769, St_Petersburg 1770, St_Rose 1771, St_Scholastica 1772, St_Thomas_FL 1773, St_Thomas_MN 1774, St_Thomas_NB 1775, St_Thomas_TX 1776, St_Vincent 1777, St_Xavier_IL 1778, Stanford 1779, State_Col_Fla 1780, State_Fair_CC 1781, Staten_Island 1782, Sterling 1783, Stetson 1784, Stevens_Tech 1785, Stevens_Tech_PA 1786, Stevenson 1787, Stillman 1788, StL_CC-Meramec 1789, Stonehill 1790, Stony_Brook 1791, Stratford 1792, Suffolk 1793, Suffolk_Co-Selden 1794, Sul_Ross 1795, Sullivan_Co 1796, Summit 1797, SUNY_Canton 1798, SUNY_Fredonia 1799, SUNY_New_Paltz 1800, SUNY_Oneonta 1801, SUNY_Potsdam 1802, SUNY-Cobleskill 1803, SUNY-Delhi 1804, SUNY-ESF 1805, SUNYIT 1806, Susquehanna 1807, Sussex_Co_CC 1808, SW_Adventist 1809, SW_Assemb_God 1810, SW_Baptist 1811, SW_Chr_TX 1812, SW_Christian 1813, SW_Illinois 1814, SW_Minnesota 1815, SW_Mississippi 1816, SW_MO_St-WP 1817, SW_Oklahoma 1818, SW_Oregon_CC 1819, SW_Tennessee 1820, SW_Univ_TX 1821, Swarthmore 1822, Syracuse 1823, T_Jefferson 1824, Tabor 1825, Tacoma_CC 1826, Talladega 1827, Tallahassee_CC 1828, TAM_C._Christi 1829, Tampa 1830, Tarleton_St 1831, Taylor_IN 1832, TCU 1833, Temple 1834, Temple_Col 1835, Tennessee 1836, Tennessee_St 1837, Tennessee_Tech 1838, Texas 1839, Texas_A&M 1840, Texas_A&M_Intl 1841, Texas_Col 1842, Texas_St 1843, Texas_Tech 1844, The_Master's 1845, Thiel 1846, Thomas_Aquinas 1847, Thomas_GA 1848, Thomas_ME 1849, Thomas_More 1850, Thompson_Riv 1851, Three_Rivers 1852, Tiffin 1853, TN_Martin 1854, TN_Wesleyan 1855, Toccoa_Falls 1856, Tohono_O'odham 1857, Toledo 1858, Tompkins_Cortland 1859, Toronto 1860, Tougaloo 1861, Towson 1862, Transylvania 1863, Treasure_Val_CC 1864, Trevecca_Naz 1865, Trine 1866, Trinidad_St_JC 1867, Trinity_Bap 1868, Trinity_Bib 1869, Trinity_Chr 1870, Trinity_CT 1871, Trinity_FL 1872, Trinity_IL 1873, Trinity_TX 1874, Trinity_Valley_CC 1875, Trinity_Western 1876, Triton_Col 1877, Troy 1878, Truett-McConnell 1879, Truman_Col 1880, Truman_St 1881, Tufts 1882, Tulane 1883, Tulsa 1884, Turtle_Mtn_CC 1885, Tusculum 1886, Tuskegee 1887, TX_A&M_Commerce 1888, TX_A&M_K'ville 1889, TX_Lutheran 1890, TX_Southern 1891, TX_Wesleyan 1892, Tyler_JC 1893, U_New_England 1894, UAB 1895, UBC-Okanagan 1896, UC_Davis 1897, UC_Irvine 1898, UC_Merced 1899, UC_Riverside 1900, UC_San_Diego 1901, UC_Santa_Barbara 1902, UC_Santa_Cruz 1903, UCF 1904, UCLA 1905, UConn-AP 1906, ULM 1907, Ulster_Co 1908, UMBC 1909, Umpqua_CC 1910, UNC_Asheville 1911, UNC_Greensboro 1912, UNC_Wilmington 1913, Union_Co 1914, Union_KY 1915, Union_NE 1916, Union_NY 1917, Union_TN 1918, United_Tribes 1919, Unity 1920, Univ_Lethbridge 1921, Univ_of_Southwest 1922, Univ_Ozarks 1923, Univ_Sciences 1924, University_of_the_Bahamas 1925, UNLV 1926, UPEI 1927, Upper_Iowa 1928, UQAM 1929, Urbana 1930, Ursinus 1931, USC 1932, USC_Salkehatchie 1933, UT_Arlington 1934, UT_Dallas 1935, UT_San_Antonio 1936, UT_Tyler 1937, UT-Mississauga 1938, Utah 1939, Utah_St 1940, Utah_Valley 1941, UTEP 1942, Utica 1943, UTRGV 1944, UVA-Wise 1945, VA_Commonwealth 1946, VA_Wesleyan 1947, Val_Forge_Mil 1948, Valdosta_St 1949, Valley_City_St 1950, Valley_Forge 1951, Valparaiso 1952, Vance-Granville 1953, Vancouver_Island 1954, Vanderbilt 1955, Vanguard 1956, Vanier 1957, Vassar 1958, Vaughn 1959, Ventura_Col 1960, Vermilion_CC 1961, Vermont 1962, Vermont_Tech 1963, Victor_Valley 1964, Victoria 1965, Villa_Maria 1966, Villanova 1967, Vincennes 1968, Virgin_Islands 1969, Virginia 1970, Virginia_St 1971, Virginia_Tech 1972, Virginia_Union 1973, Viterbo 1974, VMI 1975, Volunteer_St 1976, Voorhees 1977, W_Carolina 1978, W_Coast_Bap 1979, W_Connecticut 1980, W_Georgia_Tech 1981, W_Illinois 1982, W_Michigan 1983, W_Nebraska_CC 1984, W_New_England 1985, W_New_Mexico 1986, W_Oklahoma_St 1987, W_Oregon 1988, W_Salem_St 1989, W_Texas_A&M 1990, W_Washington 1991, W_Wyoming_CC 1992, Wabash 1993, Wabash_Val 1994, Wagner 1995, Wake_Forest 1996, Wake_Tech 1997, Waldorf 1998, Walla_Walla 1999, Walla_Walla_CC 2000, Wallace_CC-Selma 2001, Wallace_St 2002, Walsh 2003, Walters_St 2004, Warner 2005, Warner_Pacific 2006, Warren_Wilson 2007, Wartburg 2008, Wash_&_Jeff 2009, Wash_&_Lee 2010, Washburn 2011, Washington 2012, Washington_Advt 2013, Washington_MD 2014, Washington_St 2015, Washington_StL 2016, Waterloo 2017, Waubonsee_CC 2018, Wayland 2019, Wayne_Co 2020, Wayne_St_MI 2021, Wayne_St_NE 2022, Waynesburg 2023, Weatherford 2024, Webb_Inst 2025, Webber 2026, Weber_St 2027, Webster_Univ 2028, Welch 2029, Wells 2030, Wenatchee_Val_CC 2031, Wentworth_Tech 2032, Wesley_DE 2033, Wesleyan_CT 2034, West_Alabama 2035, West_Chester 2036, West_Florida 2037, West_Georgia 2038, West_Hills 2039, West_Hills-Lemoore 2040, West_LA_Col 2041, West_Liberty 2042, West_Valley_Col 2043, West_Virginia 2044, Westchester_CC 2045, Westcliff 2046, Western_ON 2047, Western_St_CO 2048, Western_Tech 2049, Western_Texas 2050, Westfield_St 2051, Westminster_MO 2052, Westminster_PA 2053, Westminster_UT 2054, Westmont 2055, Westmoreland_Co 2056, Whatcom_CC 2057, Wheaton_IL 2058, Wheaton_MA 2059, Wheeling_Jesuit 2060, Whitman 2061, Whittier 2062, Whitworth 2063, WI_Eau_Claire 2064, WI_Green_Bay 2065, WI_LaCrosse 2066, WI_Lutheran 2067, WI_Milwaukee 2068, WI_Oshkosh 2069, WI_Parkside 2070, WI_Platteville 2071, WI_River_Falls 2072, WI_Stevens_Pt 2073, WI_Stout 2074, WI_Superior 2075, WI_Whitewater 2076, Wichita_St 2077, Widener 2078, Wilberforce 2079, Wilbur_Wright 2080, Wiley 2081, Wilkes 2082, Willamette 2083, William_&_Mary 2084, William_Penn 2085, Williams 2086, Williams_Bap 2087, Williamson_Tr 2088, Williston_St 2089, Wilmington_DE 2090, Wilmington_OH 2091, Wilson 2092, Windsor 2093, Wingate 2094, Winnipeg 2095, Winona_St 2096, Winthrop 2097, Wisconsin 2098, Wittenberg 2099, WKU 2100, Wm_Carey 2101, Wm_Jessup 2102, Wm_Jewell 2103, Wm_Paterson 2104, Wm_Woods 2105, Wofford 2106, Wooster 2107, Worcester_St 2108, Worcester_Tech 2109, Wright_St 2110, Wright_St-Lake 2111, WV_State 2112, WV_Tech 2113, WV_Wesleyan 2114, Wyoming 2115, Xavier 2116, Xavier_LA 2117, Yakima_Val_CC 2118, Yale 2119, Yellowstone_Chr 2120, Yeshiva 2121, York_NE 2122, York_NY 2123, York_ON 2124, York_PA 2125, Young_Harris 2126, Youngstown_St 2127, Yuba
